time_s,est_x,est_y,est_z,gt_x,gt_y,gt_z,error_3d_m,rms_residual,n_meas
0.0502,1.4507,0.1882,-0.044,1.298,0.077,0.078,0.2249,0.2314,28
0.1502,1.3181,0.0144,0.0852,1.298,0.077,0.078,0.0662,0.0705,27
0.2502,1.2896,0.0392,0.1681,1.298,0.077,0.078,0.0981,0.0835,30
0.3502,1.3028,0.0342,0.1798,1.298,0.077,0.078,0.1106,0.0645,27
0.4502,1.3076,0.0292,0.1305,1.298,0.077,0.078,0.0717,0.0732,27
0.5502,1.3046,0.068,0.0606,1.298,0.077,0.078,0.0206,0.0543,28
0.6502,1.2836,0.028,0.126,1.298,0.077,0.078,0.0701,0.067,26
0.7502,1.2228,-0.0394,0.1225,1.298,0.077,0.078,0.1456,0.1579,29
0.8502,1.2967,-0.0053,0.1209,1.298,0.077,0.077,0.0933,0.0612,32
0.9502,1.316,0.044,0.1383,1.298,0.077,0.078,0.0711,0.0593,28
1.0502,1.2544,0.0372,0.2257,1.298,0.077,0.0775,0.1595,0.0587,32
1.1502,1.2531,0.0351,0.1612,1.298,0.078,0.08,0.1023,0.1193,27
1.2502,1.3416,-0.0085,0.119,1.3165,0.0685,0.134,0.0824,0.0634,34
1.3502,1.307,0.0168,0.1653,1.3695,0.0435,0.1935,0.0736,0.0573,28
1.4502,1.2783,0.0532,0.0269,1.413,0.019,0.228,0.2444,0.0644,31
1.5502,1.3,0.0395,0.0623,1.427,0.009,0.235,0.2165,0.0664,28
1.6502,1.6739,0.3519,0.287,1.416,0.012,0.215,0.4327,0.8734,27
1.7502,1.3065,0.0757,0.0523,1.391,0.025,0.192,0.171,0.0801,25
1.8502,1.291,0.0881,0.1991,1.3655,0.0405,0.183,0.0899,0.0579,24
1.9502,1.3569,0.0232,0.2304,1.3405,0.059,0.179,0.0648,0.0497,34
2.0502,1.3942,0.0103,0.2143,1.323,0.075,0.186,0.1003,0.0759,31
2.1502,1.3949,-0.021,0.3978,1.314,0.085,0.2035,0.2356,0.0552,30
2.2502,1.4286,-0.0301,0.2833,1.312,0.092,0.2325,0.1763,0.0597,28
2.3502,1.3683,-0.0081,0.2684,1.31,0.098,0.266,0.1211,0.0749,29
2.4502,1.3554,0.0123,0.156,1.308,0.106,0.311,0.1873,0.0628,31
2.5502,1.3146,0.048,0.2509,1.305,0.1105,0.3695,0.1344,0.0348,32
2.6502,1.3903,0.1083,0.3043,1.301,0.113,0.433,0.1567,0.1685,25
2.7502,1.2554,0.0469,0.1965,1.297,0.113,0.495,0.3086,0.0748,29
2.8502,1.2883,0.103,0.161,1.294,0.113,0.5685,0.4077,0.0651,26
2.9502,1.268,0.1005,0.185,1.292,0.112,0.656,0.4718,0.0607,38
3.0502,1.2998,0.0703,0.1447,1.292,0.111,0.756,0.6128,0.0689,33
3.1502,1.3198,0.0489,0.3049,1.293,0.111,0.8545,0.5538,0.0598,32
3.2502,1.2705,0.0449,0.2018,1.293,0.112,0.935,0.7366,0.0608,24
3.3502,1.2748,0.1197,0.2459,1.292,0.112,1.005,0.7593,0.0616,25
3.4502,1.3085,0.0946,0.4324,1.291,0.113,1.082,0.6501,0.0729,31
3.5502,1.3213,0.0629,0.3797,1.29,0.113,1.153,0.7756,0.0404,24
3.6502,1.3086,0.0898,0.4116,1.288,0.111,1.223,0.8119,0.0658,33
3.7502,1.2738,-0.0408,0.0754,1.285,0.1085,1.293,1.2268,0.3252,32
3.8502,1.2583,0.0979,0.4847,1.284,0.105,1.36,0.8757,0.0655,33
3.9502,1.2903,0.0818,0.552,1.283,0.102,1.4155,0.8637,0.0469,34
4.0502,1.2912,0.0952,0.7114,1.28,0.1,1.462,0.7507,0.0427,33
4.1502,1.2947,0.1053,0.6579,1.279,0.096,1.499,0.8413,0.056,35
4.2502,1.2893,0.0922,0.7617,1.278,0.095,1.526,0.7644,0.0446,30
4.3502,1.3126,0.0926,0.8606,1.278,0.092,1.5455,0.6857,0.0553,32
4.4502,1.2752,0.061,0.9752,1.278,0.088,1.558,0.5834,0.0536,19
4.5502,1.2955,0.1108,1.0094,1.278,0.086,1.565,0.5564,0.0461,31
4.6502,1.3003,0.0859,1.0838,1.274,0.085,1.57,0.4869,0.049,25
4.7502,1.2772,0.0982,1.1297,1.271,0.084,1.574,0.4446,0.0655,34
4.8502,1.2942,0.101,1.086,1.268,0.084,1.575,0.49,0.0821,30
4.9502,1.293,0.0778,1.3281,1.267,0.084,1.574,0.2473,0.0638,27
5.0502,1.3239,0.1417,1.336,1.268,0.082,1.573,0.2507,0.134,30
5.1502,1.3399,0.0757,1.3128,1.271,0.08,1.572,0.2682,0.0821,31
5.2502,1.3253,0.1136,1.3095,1.273,0.079,1.569,0.267,0.057,29
5.3502,1.2874,0.0749,1.5867,1.273,0.078,1.567,0.0246,0.0659,29
5.4502,1.2899,0.0809,1.4521,1.272,0.077,1.563,0.1124,0.0741,25
5.5502,1.3302,0.0541,1.4436,1.266,0.068,1.556,0.1302,0.0472,29
5.6502,1.2908,0.0933,1.693,1.2535,0.0535,1.5435,0.1591,0.0577,30
5.7502,1.2963,0.0947,1.5665,1.24,0.045,1.529,0.084,0.0593,27
5.8502,1.271,0.056,1.5618,1.229,0.048,1.511,0.0664,0.0652,31
5.9502,1.2436,0.0132,0.2871,1.22,0.062,1.493,1.2071,0.8398,27
6.0502,1.2809,0.1035,1.5643,1.213,0.0865,1.4745,0.1139,0.091,32
6.1502,1.2647,0.0949,1.7245,1.207,0.115,1.4585,0.2729,0.0877,28
6.2502,1.2983,0.1134,1.7739,1.2,0.147,1.439,0.3506,0.0599,35
6.3502,1.2543,0.0911,1.6951,1.188,0.182,1.42,0.2972,0.065,31
6.4502,1.2893,0.06,1.7031,1.1735,0.2165,1.398,0.3619,0.0654,36
6.5502,1.2992,0.0681,1.8525,1.1615,0.249,1.3795,0.5248,0.0587,28
6.6502,1.2747,0.0611,1.7516,1.152,0.276,1.364,0.4599,0.0768,23
6.7502,1.3693,0.1074,1.7994,1.1435,0.3005,1.3515,0.5375,0.1734,26
6.8502,1.2841,0.0611,1.7987,1.132,0.332,1.339,0.5549,0.055,33
6.9502,1.3027,0.065,1.8021,1.115,0.368,1.324,0.5963,0.0702,35
7.0502,1.2624,0.0651,1.7957,1.0935,0.4045,1.308,0.6177,0.0802,36
7.1502,1.234,0.037,1.9388,1.0705,0.4355,1.297,0.773,0.0596,28
7.2502,1.2983,0.0385,1.7858,1.0465,0.4635,1.287,0.702,0.0745,32
7.3502,1.2751,0.0756,1.7792,1.0215,0.493,1.2815,0.6973,0.0524,32
7.4502,1.3928,0.1722,1.7374,0.997,0.523,1.277,0.7012,0.2022,27
7.5502,1.2253,0.024,1.7378,0.973,0.552,1.274,0.7467,0.0921,33
7.6502,1.3086,0.0504,1.8306,0.947,0.583,1.272,0.8523,0.0729,29
7.7502,1.3091,0.0764,1.7444,0.92,0.612,1.271,0.8139,0.1498,29
7.8502,1.3349,0.0935,1.7713,0.893,0.64,1.27,0.8633,0.0793,27
7.9502,1.4567,0.1945,1.8771,0.866,0.666,1.272,0.9682,0.2881,29
8.0502,1.7109,0.0949,1.005,0.838,0.689,1.276,1.0901,0.8524,23
8.1502,1.3052,0.0249,1.6749,0.812,0.711,1.282,0.9319,0.0486,27
8.2502,1.2723,0.0031,1.719,0.78,0.733,1.289,0.9799,0.0609,31
8.3502,1.2752,0.0356,1.662,0.742,0.755,1.296,0.9674,0.0545,37
8.4502,1.2754,0.0878,1.6695,0.702,0.78,1.305,0.9699,0.09,33
8.5502,1.2548,0.0324,1.568,0.663,0.802,1.315,1.0033,0.0698,30
8.6502,1.2803,0.003,1.5556,0.6235,0.824,1.3225,1.0769,0.054,32
8.7502,1.2694,0.0409,1.639,0.5855,0.8435,1.333,1.098,0.0667,26
8.8502,1.2668,0.1551,1.5684,0.555,0.86,1.343,1.0268,0.1578,21
8.9502,1.2883,0.2047,1.6871,0.5225,0.8765,1.355,1.0714,0.1991,28
9.0502,1.273,0.1383,1.5873,0.481,0.8975,1.3715,1.1181,0.1487,36
9.1502,1.2148,0.1087,1.5602,0.444,0.918,1.386,1.1311,0.0576,23
9.2502,1.2133,0.1209,1.6255,0.406,0.938,1.401,1.1704,0.0514,35
9.3502,1.2093,0.1544,1.5769,0.366,0.958,1.4165,1.1759,0.0708,22
9.4502,1.1417,0.2114,1.5582,0.3285,0.975,1.43,1.1228,0.0817,30
9.5502,1.1672,0.2029,1.5652,0.284,0.992,1.4485,1.1901,0.0718,28
9.6502,1.2163,0.2857,1.5733,0.237,1.008,1.466,1.2216,0.155,33
9.7502,1.1437,0.2803,1.5773,0.184,1.0255,1.4865,1.2184,0.0876,34
9.8502,1.2582,0.2567,1.3601,0.141,1.04,1.5025,1.3718,0.1864,20
9.9502,1.0862,0.2718,1.481,0.104,1.051,1.518,1.2543,0.0825,29
10.0502,1.1309,0.3203,1.5758,0.053,1.065,1.5365,1.3107,0.0779,36
10.1502,1.0611,0.283,1.4232,0.0065,1.079,1.554,1.3277,0.0773,28
10.2502,1.1157,0.3773,1.5296,-0.032,1.092,1.568,1.3526,0.0554,27
10.3502,1.0794,0.4112,1.4211,-0.07,1.103,1.582,1.3511,0.0616,25
10.4502,1.0745,0.3783,1.4997,-0.108,1.115,1.595,1.3965,0.0696,27
10.5502,1.0457,0.4047,1.5312,-0.1485,1.129,1.61,1.3989,0.0695,28
10.6502,1.0202,0.4459,1.4866,-0.1885,1.144,1.624,1.4026,0.081,34
10.7502,1.0526,0.4457,1.5003,-0.2325,1.159,1.6395,1.4764,0.0768,30
10.8502,1.0005,0.446,1.4377,-0.2755,1.1715,1.653,1.4835,0.1122,34
10.9502,1.005,0.4925,1.5832,-0.319,1.18,1.665,1.4941,0.0572,29
11.0502,0.9805,0.5453,1.4566,-0.361,1.187,1.676,1.5032,0.0601,31
11.1502,0.9341,0.5293,1.3922,-0.403,1.193,1.686,1.5214,0.0556,29
11.2502,0.9239,0.5397,1.5597,-0.445,1.198,1.695,1.525,0.0446,33
11.3502,0.9296,0.5753,1.5202,-0.4865,1.205,1.7,1.5602,0.0515,30
11.4502,1.0469,0.6154,1.3441,-0.525,1.212,1.705,1.7196,0.1059,28
11.5502,1.0245,0.7438,1.5445,-0.565,1.217,1.708,1.6665,0.1945,29
11.6502,0.938,0.7211,1.4122,-0.607,1.223,1.711,1.6518,0.2007,33
11.7502,0.9218,0.7165,1.3996,-0.651,1.228,1.713,1.6833,0.1777,30
11.8502,0.8023,0.6217,1.4697,-0.694,1.233,1.712,1.6344,0.0983,35
11.9502,0.7728,0.6598,1.5251,-0.7335,1.237,1.71,1.6236,0.0634,30
12.0502,0.697,0.6445,1.552,-0.7645,1.2395,1.708,1.5856,0.0947,24
12.1502,0.8528,0.8598,1.405,-0.7965,1.241,1.703,1.7188,0.2435,32
12.2502,0.743,0.7356,1.4466,-0.833,1.242,1.697,1.6741,0.0558,33
12.3502,0.7168,0.7334,1.4453,-0.8685,1.245,1.688,1.6834,0.0531,32
12.4502,0.7082,0.7793,1.497,-0.9035,1.251,1.677,1.689,0.0784,34
12.5502,0.6853,0.7799,1.533,-0.936,1.258,1.667,1.6956,0.0882,31
12.6502,0.6435,0.7853,1.5223,-0.966,1.261,1.656,1.6836,0.0615,27
12.7502,0.6358,0.7859,1.5245,-0.9945,1.261,1.646,1.7024,0.0439,30
12.8502,0.5641,0.7485,1.54,-1.022,1.2575,1.633,1.6684,0.0842,28
12.9502,0.5576,0.7695,1.3649,-1.044,1.255,1.621,1.693,0.1104,19
13.0502,0.5106,0.8977,1.6218,-1.0655,1.253,1.609,1.6157,0.1104,26
13.1502,0.5149,0.8922,1.5188,-1.0875,1.252,1.594,1.644,0.1045,30
13.2502,-0.0264,0.8632,0.5022,-1.108,1.249,1.578,1.5736,1.4882,27
13.3502,0.4464,0.872,1.5399,-1.128,1.242,1.562,1.6174,0.0867,31
13.4502,0.4644,0.9309,1.6672,-1.1515,1.232,1.5385,1.6488,0.0515,30
13.5502,0.4495,0.9509,1.7374,-1.17,1.224,1.522,1.6564,0.1396,28
13.6502,0.3539,0.9585,1.5995,-1.187,1.215,1.5025,1.5651,0.0561,32
13.7502,0.4208,0.9929,1.4439,-1.204,1.206,1.483,1.6392,0.1746,29
13.8502,0.3301,0.9504,1.5571,-1.216,1.197,1.466,1.5683,0.0614,25
13.9502,0.2547,0.9691,1.6558,-1.2255,1.189,1.4525,1.5102,0.0623,20
14.0502,0.2203,1.008,1.7013,-1.2355,1.181,1.439,1.4893,0.0753,26
14.1502,0.2167,1.0057,1.5926,-1.248,1.171,1.4235,1.4836,0.0516,24
14.2502,0.1693,0.947,1.6336,-1.2605,1.1605,1.4075,1.4632,0.0936,24
14.3502,0.1853,1.0097,1.6512,-1.274,1.1485,1.3885,1.4893,0.0611,32
14.4502,0.1221,1.0552,1.8519,-1.2855,1.135,1.3725,1.4892,0.0738,20
14.5502,0.1132,1.0452,1.6469,-1.294,1.1185,1.357,1.4386,0.0455,28
14.6502,0.0693,1.0579,1.722,-1.3035,1.0975,1.3385,1.4259,0.0601,32
14.7502,0.0253,1.0439,1.773,-1.308,1.074,1.321,1.4081,0.065,31
14.8502,0.0162,1.069,1.776,-1.31,1.0525,1.3055,1.4073,0.043,28
14.9502,0.0208,1.0575,1.5614,-1.309,1.034,1.291,1.3573,0.1096,27
15.0502,0.025,1.0993,1.7865,-1.305,1.018,1.278,1.4262,0.087,25
15.1502,-0.3886,1.1878,1.1255,-1.3,1.0075,1.2655,0.9395,0.7367,28
15.2502,-0.1765,1.0818,1.9805,-1.295,0.996,1.2535,1.3368,0.0446,26
15.3502,-0.1438,1.0753,1.7993,-1.292,0.98,1.243,1.2794,0.0604,29
15.4502,-0.1597,1.1142,1.7636,-1.287,0.96,1.232,1.2558,0.0653,31
15.5502,-0.175,1.1462,1.8541,-1.28,0.942,1.222,1.2893,0.0689,29
15.6502,-0.223,1.1358,1.8892,-1.273,0.926,1.214,1.2659,0.0464,23
15.7502,-0.2222,0.7503,2.0475,-1.265,0.91,1.209,1.3476,1.3762,27
15.8502,-0.2532,1.1358,1.7692,-1.256,0.8915,1.202,1.1777,0.061,30
15.9502,-0.2859,1.1506,1.8815,-1.246,0.87,1.197,1.2121,0.0594,31
16.0502,-0.4207,1.1021,1.9007,-1.235,0.8515,1.195,1.1063,0.1422,24
16.1502,-0.5578,0.8497,1.1807,-1.2235,0.8345,1.193,0.666,0.7587,26
16.2502,-0.3999,1.1909,1.9661,-1.2115,0.818,1.194,1.1806,0.0486,24
16.3502,-0.4133,1.2039,1.8491,-1.198,0.8,1.194,1.0991,0.0493,25
16.4502,-0.4474,1.2347,1.9148,-1.1815,0.779,1.196,1.1239,0.0573,28
16.5502,-0.4986,1.238,1.9639,-1.162,0.757,1.2,1.1202,0.0542,29
16.6502,-0.4901,1.2185,1.862,-1.1405,0.733,1.205,1.0442,0.0685,32
16.7502,-0.5014,1.2063,1.7798,-1.118,0.71,1.211,0.9747,0.0565,25
16.8502,-0.5147,1.2171,1.8626,-1.096,0.689,1.217,1.0166,0.0626,27
16.9502,-0.5694,1.2767,1.9243,-1.076,0.67,1.223,1.0567,0.0385,21
17.0502,-0.5726,1.2011,1.7566,-1.055,0.652,1.23,0.9008,0.0715,25
17.1502,-0.638,1.2159,1.9313,-1.0315,0.6285,1.2395,0.9892,0.0741,28
17.2502,-0.6507,1.2466,1.8161,-1.0065,0.606,1.2485,0.9269,0.0692,26
17.3502,-0.706,1.2555,1.9346,-0.978,0.582,1.26,0.9913,0.043,29
17.4502,-0.7244,1.2549,1.8779,-0.948,0.5565,1.273,0.9506,0.056,26
17.5502,-0.7598,1.2359,1.8625,-0.918,0.5305,1.286,0.9247,0.071,28
17.6502,-0.7697,1.2494,1.8222,-0.884,0.499,1.301,0.9207,0.0598,31
17.7502,-0.8104,1.1884,1.7903,-0.8535,0.4705,1.3165,0.8612,0.0703,24
17.8502,-0.8511,1.2323,1.8279,-0.827,0.444,1.33,0.9326,0.0589,29
17.9502,-0.8842,1.2607,1.7835,-0.801,0.418,1.344,0.9541,0.0437,27
18.0502,-0.9403,1.2294,1.7962,-0.7755,0.3925,1.3575,0.9592,0.0744,24
18.1502,-0.8946,1.264,1.8098,-0.748,0.367,1.371,1.0093,0.0596,29
18.2502,-0.935,1.2261,1.8357,-0.7145,0.338,1.3905,1.0176,0.0486,30
18.3502,-0.9304,1.2617,1.8892,-0.6805,0.308,1.4095,1.0964,0.0576,30
18.4502,-0.9677,1.2629,1.8031,-0.648,0.281,1.428,1.0986,0.0553,27
18.5502,-0.963,1.2633,1.7179,-0.6175,0.2555,1.4445,1.0999,0.0619,24
18.6502,-1.0171,1.2578,1.8411,-0.586,0.229,1.46,1.1788,0.0509,29
18.7502,-1.009,1.2494,1.7305,-0.547,0.2015,1.4795,1.1725,0.0533,32
18.8502,-0.9515,1.3088,1.781,-0.5065,0.1735,1.495,1.2525,0.1487,28
18.9502,-0.8367,1.2795,1.321,-0.469,0.149,1.51,1.2037,0.394,25
19.0502,-1.0553,1.2683,1.7449,-0.429,0.124,1.525,1.3229,0.0378,29
19.1502,-1.0808,1.2637,1.7195,-0.383,0.092,1.54,1.3755,0.062,34
19.2502,-1.0433,1.2448,1.7001,-0.336,0.065,1.557,1.383,0.0816,29
19.3502,-1.0951,1.3248,1.6189,-0.3015,0.041,1.57,1.5101,0.0698,22
19.4502,-1.1432,1.2804,1.6627,-0.2675,0.02,1.582,1.5369,0.0591,28
19.5502,-1.1755,1.2392,1.6814,-0.2315,-0.004,1.595,1.5634,0.0852,24
19.6502,-1.1231,1.2342,1.6592,-0.194,-0.025,1.605,1.5658,0.0898,27
19.7502,-1.0587,1.2489,1.5976,-0.1595,-0.05,1.6145,1.5798,0.1123,20
19.8502,-1.1646,1.2579,1.7209,-0.1235,-0.0745,1.6235,1.6937,0.0543,22
19.9502,-1.2327,1.2331,1.6827,-0.085,-0.103,1.631,1.7621,0.0611,28
20.0502,-1.1982,1.1923,1.6722,-0.0495,-0.126,1.637,1.7489,0.068,20
20.1502,-1.1817,1.1974,1.6074,-0.0125,-0.151,1.643,1.785,0.0476,32
20.2502,-1.0707,1.3001,1.9019,0.0235,-0.1735,1.649,1.8528,0.4504,24
20.3502,-1.189,1.2551,1.5853,0.06,-0.197,1.654,1.9166,0.1252,31
20.4502,-1.1801,1.2139,1.544,0.099,-0.224,1.658,1.9279,0.0813,28
20.5502,-1.2504,1.1806,1.5747,0.138,-0.256,1.661,1.9997,0.0564,31
20.6502,-1.2305,1.1834,1.586,0.1765,-0.288,1.662,2.0373,0.0815,26
20.7502,-1.2243,1.1549,1.5867,0.215,-0.318,1.661,2.0607,0.0574,29
20.8502,-1.2482,1.1715,1.5574,0.257,-0.349,1.659,2.1419,0.0504,31
20.9502,-1.3239,1.1225,1.6384,0.2975,-0.3755,1.655,2.2076,0.0948,28
21.0502,-1.3025,1.1484,1.5621,0.3385,-0.3985,1.65,2.2569,0.0453,30
21.1502,-1.3972,0.9903,1.7074,0.376,-0.419,1.644,2.2659,0.2735,23
21.2502,-1.3202,1.1148,1.4718,0.412,-0.441,1.638,2.3343,0.0602,29
21.3502,-1.3277,1.1108,1.5937,0.4515,-0.4705,1.6315,2.3806,0.0556,32
21.4502,-1.3551,1.0651,1.5515,0.491,-0.499,1.623,2.4206,0.0575,29
21.5502,-1.2984,1.0676,1.4972,0.533,-0.5285,1.611,2.432,0.0552,34
21.6502,-1.299,1.0855,1.4628,0.576,-0.563,1.596,2.5002,0.0823,35
21.7502,-1.3664,1.0476,1.4499,0.616,-0.591,1.583,2.5754,0.0381,27
21.8502,-1.3434,1.0482,1.4232,0.6495,-0.6135,1.5695,2.5989,0.0597,28
21.9502,-1.3077,1.0043,1.4088,0.6855,-0.6415,1.5555,2.589,0.0742,30
22.0502,-1.3158,1.0259,1.3882,0.7185,-0.667,1.542,2.651,0.0597,26
22.1502,-1.5922,0.9892,0.9133,0.745,-0.689,1.53,2.9426,1.1803,19
22.2502,-1.2605,1.0192,1.3928,0.7705,-0.7105,1.5175,2.6706,0.0856,28
22.3502,-1.2694,0.9689,1.2198,0.803,-0.737,1.501,2.6989,0.1421,29
22.4502,-1.3158,0.9778,1.3882,0.836,-0.76,1.483,2.7676,0.0636,28
22.5502,-1.2846,0.9676,1.3996,0.869,-0.782,1.4655,2.7755,0.1132,30
22.6502,-1.264,0.9814,1.3797,0.901,-0.806,1.445,2.8082,0.127,33
22.7502,-1.2831,0.9401,1.3299,0.933,-0.831,1.423,2.8384,0.0696,31
22.8502,-1.2598,0.9038,1.45,0.9615,-0.8545,1.4015,2.8334,0.0554,26
22.9502,-1.3078,0.907,1.3398,0.9845,-0.8745,1.3835,2.9035,0.0715,28
23.0502,-1.2886,0.8766,1.3733,1.008,-0.892,1.366,2.8987,0.056,29
23.1502,-1.2922,0.8485,1.386,1.032,-0.91,1.348,2.9147,0.0421,29
23.2502,-1.2707,0.8587,1.2876,1.055,-0.9285,1.3295,2.9334,0.0789,34
23.3502,-1.2142,0.8335,1.3822,1.076,-0.947,1.311,2.9018,0.0543,27
23.4502,-1.2252,0.8272,1.2973,1.0945,-0.9635,1.2945,2.9305,0.0484,28
23.5502,-1.2422,0.8057,1.3973,1.116,-0.9845,1.2765,2.9633,0.0362,32
23.6502,-1.1919,0.7937,1.3915,1.136,-1.005,1.26,2.9448,0.0486,29
23.7502,-1.1757,0.8069,1.4069,1.1525,-1.024,1.243,2.9664,0.0551,34
23.8502,-1.1576,0.743,1.3209,1.169,-1.042,1.228,2.9339,0.0787,27
23.9502,-1.1395,0.7585,1.3874,1.183,-1.057,1.217,2.9528,0.0833,36
24.0502,-1.1152,0.772,1.3277,1.195,-1.07,1.204,2.9572,0.0766,31
24.1502,-1.1559,0.6892,1.3651,1.205,-1.0835,1.192,2.9574,0.0483,30
24.2502,-1.1063,0.6802,1.3123,1.213,-1.095,1.181,2.9236,0.0677,30
24.3502,-1.1099,0.6908,1.2757,1.22,-1.107,1.172,2.9447,0.0552,29
24.4502,-1.0889,0.6568,1.3899,1.225,-1.121,1.162,2.9268,0.0535,33
24.5502,-1.0837,0.6611,1.3713,1.229,-1.138,1.155,2.938,0.0725,29
24.6502,-0.9779,0.6851,1.3573,1.232,-1.1535,1.151,2.8821,0.1557,26
24.7502,-1.0148,0.6195,1.4389,1.2355,-1.168,1.148,2.8885,0.0568,26
24.8502,-1.0645,0.6186,1.4098,1.238,-1.1815,1.144,2.9347,0.0673,32
24.9502,-0.9824,0.5482,1.3626,1.239,-1.194,1.143,2.8316,0.0916,31
25.0502,-1.0008,0.5795,1.3955,1.239,-1.2035,1.145,2.8738,0.0592,24
25.1502,-0.9466,0.5569,1.4281,1.235,-1.212,1.147,2.8226,0.0801,29
25.2502,-0.8789,0.5799,1.503,1.229,-1.22,1.153,2.7938,0.1262,27
25.3502,-0.9281,0.3065,1.4183,1.222,-1.226,1.159,2.6531,0.7709,29
25.4502,-0.8792,0.479,1.4646,1.213,-1.2335,1.166,2.7201,0.0498,26
25.5502,-0.8953,0.4541,1.5204,1.205,-1.242,1.175,2.7216,0.0419,29
25.6502,-0.8604,0.4579,1.4608,1.196,-1.2505,1.183,2.6879,0.0488,28
25.7502,-0.8293,0.4315,1.4727,1.181,-1.2615,1.197,2.6426,0.0508,26
25.8502,-0.8351,0.3809,1.4225,1.1675,-1.268,1.208,2.6029,0.0704,30
25.9502,-0.8319,0.3884,1.4703,1.149,-1.273,1.219,2.5976,0.0463,31
26.0502,-0.7457,0.346,1.5117,1.1275,-1.276,1.231,2.4937,0.0543,32
26.1502,-0.71,0.3374,1.5388,1.1055,-1.279,1.245,2.4485,0.0611,28
26.2502,-0.6977,0.3417,1.5665,1.086,-1.282,1.257,2.4318,0.0412,27
26.3502,-0.703,0.2626,1.5357,1.067,-1.284,1.27,2.3655,0.0918,27
26.4502,-0.6906,0.3115,1.5662,1.048,-1.286,1.285,2.3778,0.0606,27
26.5502,-1.1028,0.3336,1.9609,1.0305,-1.285,1.2995,2.7584,0.8223,24
26.6502,-0.6262,0.2244,1.6082,1.012,-1.283,1.3135,2.2456,0.0514,28
26.7502,-0.6099,0.2247,1.5103,0.99,-1.279,1.331,2.2029,0.0594,29
26.8502,-0.545,0.2235,1.6238,0.9655,-1.274,1.3475,2.1448,0.0628,28
26.9502,-0.5593,0.2084,1.6636,0.943,-1.27,1.362,2.1292,0.0376,22
27.0502,-0.3455,0.3267,0.8204,0.9225,-1.266,1.3765,2.1104,0.4724,20
27.1502,-0.4745,0.1406,1.6315,0.899,-1.262,1.391,1.9778,0.0555,22
27.2502,-0.4373,0.1112,1.6555,0.8715,-1.2575,1.407,1.91,0.0645,28
27.3502,-0.4505,0.0691,1.7469,0.8375,-1.248,1.4275,1.8697,0.0338,34
27.4502,-0.4089,0.0622,1.7943,0.803,-1.237,1.447,1.8103,0.0428,29
27.5502,-0.6575,0.0705,1.8358,0.7705,-1.2255,1.463,1.9641,0.7556,30
27.6502,-0.3927,0.0402,1.8801,0.7395,-1.215,1.4775,1.7377,0.0443,24
27.7502,-0.3643,0.0309,1.7664,0.7095,-1.204,1.49,1.6597,0.0509,28
27.8502,-0.3007,-0.0062,1.6886,0.6735,-1.193,1.505,1.5464,0.0563,32
27.9502,-0.2816,-0.0182,1.7976,0.6345,-1.181,1.519,1.5063,0.0983,32
28.0502,-0.2038,-0.0124,1.7056,0.595,-1.169,1.532,1.4163,0.0784,33
28.1502,-0.2064,-0.0425,1.7618,0.558,-1.158,1.546,1.3694,0.0496,29
28.2502,-0.1751,-0.0671,1.8651,0.5215,-1.1445,1.559,1.319,0.0648,30
28.3502,-0.1373,-0.0879,1.8242,0.485,-1.13,1.57,1.2401,0.0414,27
28.4502,-0.0887,-0.1425,1.7744,0.4475,-1.116,1.58,1.1283,0.0439,30
28.5502,-0.1072,-0.1189,1.8428,0.4075,-1.104,1.589,1.14,0.0555,28
28.6502,-0.1107,-0.1134,1.8172,0.366,-1.092,1.596,1.1107,0.0488,29
28.7502,-0.0123,-0.6726,3.1801,0.324,-1.081,1.603,1.6635,1.3775,28
28.8502,0.0294,-0.2031,1.8479,0.287,-1.07,1.607,0.9359,0.066,23
28.9502,0.0607,-0.2161,1.7783,0.25,-1.06,1.61,0.8811,0.0482,27
29.0502,0.1018,-0.2321,1.8695,0.216,-1.049,1.611,0.8644,0.0633,23
29.1502,0.0837,-0.2672,1.8497,0.1835,-1.0375,1.613,0.812,0.0608,26
29.2502,0.1678,-0.4018,1.2685,0.143,-1.022,1.614,0.7104,0.7455,29
29.3502,0.1977,-0.2631,1.8922,0.099,-1.006,1.614,0.7994,0.0837,31
29.4502,0.1299,-0.3221,1.8027,0.055,-0.9905,1.612,0.6991,0.0778,28
29.5502,0.1604,-0.36,1.9497,0.0155,-0.976,1.609,0.7187,0.0543,26
29.6502,0.1636,-0.3929,1.9244,-0.026,-0.96,1.6045,0.6781,0.0543,30
29.7502,0.2293,-0.3942,1.8327,-0.067,-0.9435,1.598,0.6668,0.0552,26
29.8502,0.2813,-0.4779,1.8242,-0.107,-0.9255,1.592,0.6365,0.1419,30
29.9502,0.3306,-0.4212,1.8163,-0.143,-0.9075,1.586,0.7168,0.0802,20
30.0502,0.3318,-0.4005,1.8203,-0.176,-0.891,1.578,0.7464,0.062,27
30.1502,0.3455,-0.4153,1.9227,-0.216,-0.869,1.57,0.8034,0.0538,29
30.2502,0.4142,-0.452,1.8844,-0.259,-0.846,1.558,0.8455,0.0505,33
30.3502,0.4136,-0.4599,1.9354,-0.303,-0.821,1.545,0.8924,0.0544,31
30.4502,0.4269,-0.5106,1.8457,-0.344,-0.797,1.531,0.8805,0.0546,29
30.5502,0.4875,-0.5217,1.7163,-0.384,-0.772,1.517,0.9284,0.0571,27
30.6502,-0.1904,-0.6623,2.5714,-0.426,-0.7475,1.503,1.0974,1.4089,26
30.7502,0.4917,-0.5655,1.8374,-0.465,-0.724,1.488,1.0307,0.0563,29
30.8502,0.5599,-0.5914,1.756,-0.5025,-0.6985,1.4725,1.1047,0.0593,28
30.9502,0.5847,-0.5804,1.8899,-0.54,-0.674,1.456,1.2091,0.0555,32
31.0502,0.5578,-0.5552,1.7528,-0.577,-0.649,1.437,1.1817,0.0553,29
31.1502,0.641,-0.6182,1.755,-0.614,-0.623,1.418,1.2995,0.0565,31
31.2502,0.5946,-0.6242,1.8102,-0.6515,-0.5955,1.4005,1.3121,0.0545,28
31.3502,0.6184,-0.719,1.7436,-0.689,-0.57,1.382,1.3647,0.1416,30
31.4502,0.7101,-0.702,1.7462,-0.726,-0.546,1.364,1.4942,0.0512,27
31.5502,0.7304,-0.6959,1.7617,-0.763,-0.52,1.345,1.5604,0.0526,33
31.6502,0.7476,-0.7086,1.6088,-0.8,-0.492,1.325,1.5882,0.0548,27
31.7502,0.748,-0.751,1.7281,-0.832,-0.467,1.307,1.6596,0.0448,29
31.8502,0.8114,-0.7954,1.6736,-0.8645,-0.441,1.2885,1.7557,0.0498,30
31.9502,0.8024,-0.7547,1.7753,-0.891,-0.417,1.271,1.7989,0.0524,23
32.0502,0.8863,-0.8252,1.7153,-0.916,-0.395,1.257,1.9088,0.0391,27
32.1502,0.8572,-0.7801,1.6825,-0.941,-0.369,1.242,1.8964,0.0552,29
32.2502,0.8695,-0.8338,1.5957,-0.9675,-0.3395,1.2255,1.9381,0.0599,34
32.3502,0.9208,-0.834,1.563,-0.991,-0.311,1.21,2.0132,0.0495,25
32.4502,1.0697,-1.3599,1.6333,-1.0135,-0.284,1.197,2.3849,1.3522,28
32.5502,0.8484,-0.9187,1.696,-1.0385,-0.2555,1.1845,2.0644,0.1066,26
32.6502,0.9036,-0.9315,1.5377,-1.0645,-0.228,1.173,2.1216,0.1514,32
32.7502,0.937,-0.9157,1.6294,-1.091,-0.202,1.162,2.2001,0.0579,27
32.8502,0.9797,-0.9215,1.5658,-1.1145,-0.177,1.152,2.2608,0.1395,28
32.9502,0.8887,-1.3172,0.7579,-1.1375,-0.153,1.143,2.3684,0.7571,24
33.0502,1.0333,-0.9916,1.5887,-1.1585,-0.1285,1.135,2.3989,0.0669,26
33.1502,1.0304,-0.9528,1.5005,-1.181,-0.098,1.126,2.4003,0.0534,27
33.2502,1.0976,-1.0086,1.5087,-1.199,-0.068,1.119,2.5121,0.0594,27
33.3502,1.0508,-0.96,1.483,-1.215,-0.039,1.1135,2.4735,0.0554,28
33.4502,1.0856,-0.983,1.4656,-1.229,-0.0105,1.111,2.5356,0.0536,26
33.5502,1.1594,-0.9839,1.3461,-1.241,0.018,1.112,2.6116,0.0729,33
33.6502,1.1601,-0.9947,1.3793,-1.251,0.0465,1.111,2.6399,0.0877,26
33.7502,1.2661,-1.0039,1.3524,-1.259,0.0745,1.111,2.7564,0.1205,30
33.8502,1.1798,-0.9712,1.4942,-1.266,0.1025,1.114,2.698,0.0894,24
33.9502,1.0949,-1.0503,1.4355,-1.273,0.1295,1.116,2.6648,0.0648,26
34.0502,1.1662,-1.054,1.3625,-1.2795,0.1585,1.119,2.7406,0.0692,30
34.1502,1.2265,-1.1216,1.3199,-1.287,0.19,1.123,2.8419,0.0465,29
34.2502,1.1844,-1.1057,1.4049,-1.295,0.2215,1.129,2.8258,0.0394,36
34.3502,1.1489,-1.0797,1.4229,-1.299,0.251,1.137,2.8009,0.0556,29
34.4502,1.1908,-1.0941,1.3514,-1.3,0.28,1.145,2.8522,0.0625,33
34.5502,1.246,-1.0382,1.4264,-1.298,0.3075,1.154,2.8908,0.0985,24
34.6502,1.433,-1.3027,1.6364,-1.294,0.335,1.164,3.2158,0.5992,29
34.7502,1.2042,-1.1553,1.2891,-1.288,0.3625,1.177,2.9201,0.0463,28
34.8502,1.7064,-1.4406,-0.7866,-1.281,0.3875,1.19,4.0216,1.4484,24
34.9502,1.2576,-1.1692,1.2179,-1.272,0.415,1.202,2.9848,0.0638,29
35.0502,1.2485,-1.1215,1.1932,-1.259,0.4445,1.2195,2.9565,0.0515,32
35.1502,1.2336,-1.1527,1.2488,-1.248,0.4705,1.2355,2.9654,0.055,24
35.2502,1.2561,-1.1658,1.211,-1.2395,0.4935,1.2485,2.9971,0.0548,26
35.3502,1.2484,-1.1755,1.1929,-1.23,0.5185,1.263,3.0028,0.0489,30
35.4502,1.2364,-1.1703,1.273,-1.219,0.5445,1.2785,2.9949,0.0394,28
35.5502,1.227,-1.1838,1.303,-1.207,0.571,1.295,3.0006,0.0574,31
35.6502,1.2033,-1.2027,1.2472,-1.193,0.5935,1.3125,2.9955,0.0647,26
35.7502,1.2633,-1.2046,1.2779,-1.179,0.6125,1.3285,3.0445,0.0597,26
35.8502,1.2397,-1.2311,1.2952,-1.163,0.6325,1.3445,3.0411,0.0547,28
35.9502,1.2397,-1.2241,1.2477,-1.147,0.655,1.3645,3.0399,0.051,32
36.0502,1.3007,-1.1382,1.3016,-1.131,0.6805,1.3835,3.0377,0.1346,28
36.1502,1.2373,-1.2507,1.3072,-1.112,0.708,1.404,3.0603,0.0528,35
36.2502,1.2469,-1.2376,1.246,-1.0905,0.7355,1.424,3.064,0.0846,26
36.3502,1.2026,-1.2423,1.27,-1.069,0.76,1.44,3.0328,0.0572,27
36.4502,1.1839,-1.2726,1.3324,-1.049,0.782,1.455,3.0368,0.048,25
36.5502,1.2215,-1.2981,1.335,-1.016,0.821,1.48,3.0851,0.0637,19
36.6502,1.2078,-1.2499,1.3431,-1.001,0.838,1.4905,3.0431,0.0671,22
36.7502,1.1944,-1.3308,1.3837,-0.974,0.86,1.506,3.0849,0.0461,23
36.8502,1.1959,-1.3149,1.3203,-0.9435,0.8805,1.518,3.0717,0.0496,32
36.9502,1.143,-1.3099,1.5178,-0.905,0.906,1.531,3.0174,0.049,31
37.0502,1.1775,-1.3001,1.3568,-0.871,0.927,1.54,3.0314,0.072,27
37.1502,1.1939,-1.3144,1.3076,-0.8395,0.943,1.549,3.0478,0.0574,28
37.2502,1.1645,-1.3123,1.3268,-0.8115,0.958,1.5555,3.0185,0.0639,28
37.3502,1.1224,-1.3205,1.3967,-0.784,0.972,1.561,2.9861,0.0578,25
37.4502,1.164,-1.3008,1.353,-0.757,0.985,1.567,2.9935,0.0906,27
37.5502,1.1291,-1.2707,1.3815,-0.726,0.999,1.572,2.9375,0.0999,29
37.6502,1.1077,-1.3417,1.3752,-0.692,1.012,1.576,2.9697,0.0558,27
37.7502,1.0901,-1.3368,1.4257,-0.657,1.026,1.578,2.9425,0.0479,31
37.8502,1.0551,-1.3225,1.4612,-0.616,1.042,1.579,2.8978,0.0711,33
37.9502,1.0685,-1.3315,1.3707,-0.58,1.057,1.578,2.9096,0.0775,19
38.0502,1.0249,-1.3397,1.4949,-0.545,1.069,1.577,2.8764,0.057,27
38.1502,1.0284,-1.3412,1.4375,-0.5035,1.0835,1.577,2.8715,0.0566,30
38.2502,1.0147,-1.3437,1.5253,-0.465,1.097,1.573,2.8546,0.0534,27
38.3502,1.0166,-1.3448,1.3982,-0.4295,1.11,1.57,2.8542,0.0573,28
38.4502,0.9677,-1.3143,1.4982,-0.385,1.126,1.563,2.7909,0.0656,35
38.5502,0.9699,-1.3381,1.4814,-0.3415,1.138,1.557,2.8029,0.0535,30
38.6502,0.9719,-1.3257,1.52,-0.298,1.15,1.548,2.7825,0.0388,31
38.7502,0.9627,-1.3135,1.5053,-0.2575,1.158,1.539,2.7565,0.0622,24
38.8502,0.9376,-1.328,1.551,-0.222,1.165,1.53,2.7496,0.0385,25
38.9502,0.9091,-1.2999,1.4406,-0.192,1.173,1.519,2.7081,0.0346,17
39.0502,0.8146,-1.2974,1.5649,-0.163,1.182,1.51,2.6657,0.0448,25
39.1502,0.8713,-1.3344,1.6027,-0.126,1.192,1.497,2.7182,0.0582,29
39.2502,0.8661,-1.3239,1.5482,-0.0865,1.2015,1.481,2.6999,0.0521,30
39.3502,0.8367,-1.3255,1.5931,-0.047,1.209,1.468,2.6871,0.0503,25
39.4502,0.8174,-1.2777,1.6645,-0.0055,1.213,1.4525,2.6316,0.2086,32
39.5502,0.799,-1.2678,1.6605,0.034,1.215,1.436,2.6077,0.0559,24
39.6502,-0.3872,-1.2933,1.7931,0.071,1.215,1.421,2.5768,1.5562,27
39.7502,0.7093,-1.2693,1.7087,0.1115,1.2175,1.4045,2.5757,0.0523,28
39.8502,0.7438,-1.2324,1.7169,0.1555,1.223,1.3875,2.5462,0.1067,30
39.9502,0.6402,-1.2478,1.7128,0.194,1.228,1.37,2.5389,0.049,23
40.0502,0.6695,-1.2534,1.6999,0.229,1.233,1.354,2.5487,0.0924,25
40.1502,0.6247,-1.1939,1.7254,0.2685,1.239,1.3375,2.4892,0.0899,30
40.2502,0.6396,-1.2421,1.7162,0.309,1.244,1.32,2.5391,0.0457,27
40.3502,0.5876,-1.2403,1.7357,0.345,1.245,1.3045,2.534,0.039,24
40.4502,0.5522,-1.2393,1.6886,0.3825,1.247,1.285,2.5246,0.0496,32
40.5502,0.514,-1.1805,1.7876,0.424,1.248,1.265,2.4857,0.0482,33
40.6502,0.4752,-1.1806,1.8346,0.458,1.249,1.249,2.4992,0.0514,23
40.7502,0.5172,-1.1721,1.6753,0.4885,1.249,1.2335,2.4612,0.0537,28
40.8502,0.5368,-1.1297,1.6978,0.52,1.248,1.2175,2.4257,0.109,24
40.9502,0.3815,-1.1675,1.817,0.5525,1.246,1.2025,2.4964,0.0667,28
41.0502,0.3598,-1.1098,1.6529,0.5865,1.245,1.188,2.4109,0.0517,20
41.1502,0.3595,-1.1296,1.8035,0.619,1.244,1.175,2.469,0.0465,30
41.2502,0.3217,-1.1331,1.8634,0.6565,1.243,1.1595,2.5007,0.0431,28
41.3502,0.2922,-1.1292,1.8382,0.691,1.243,1.146,2.5031,0.0469,29
41.4502,0.2266,-1.0927,1.7894,0.725,1.24,1.134,2.4737,0.0434,25
41.5502,0.2792,-1.1014,1.8386,0.757,1.234,1.123,2.4889,0.0519,32
41.6502,0.2089,-1.076,1.8033,0.7885,1.2255,1.114,2.4714,0.0511,22
41.7502,0.1592,-1.1047,1.7815,0.817,1.217,1.105,2.5061,0.0385,22
41.8502,0.1388,-1.0662,1.8367,0.848,1.208,1.096,2.4947,0.0507,35
41.9502,0.1106,-1.0228,1.7171,0.882,1.199,1.087,2.4349,0.1269,31
42.0502,0.0905,-1.0546,1.8561,0.912,1.191,1.081,2.5137,0.0413,30
42.1502,-0.0025,-1.0983,2.0262,0.939,1.182,1.078,2.643,0.0368,27
42.2502,0.0326,-1.0145,1.7075,0.9645,1.171,1.077,2.4581,0.0433,30
42.3502,0.0176,-1.0231,1.769,0.9915,1.158,1.077,2.4869,0.053,30
42.4502,0.0409,-1.2192,1.3028,1.016,1.145,1.076,2.5675,0.8616,31
42.5502,-0.0865,-0.9722,1.8604,1.039,1.134,1.076,2.5136,0.0587,27
42.6502,-0.1232,-0.9805,1.8581,1.0605,1.123,1.077,2.537,0.0604,26
42.7502,-0.064,-0.9492,1.7749,1.083,1.11,1.08,2.4574,0.0692,29
42.8502,-0.1396,-0.9486,1.7401,1.1025,1.0955,1.084,2.4802,0.093,26
42.9502,-0.6538,-1.3931,1.0899,1.1205,1.081,1.089,3.0445,0.8639,28
43.0502,-0.1936,-0.8516,1.8331,1.141,1.055,1.102,2.4394,0.1,29
43.1502,-0.2206,-0.8765,1.7372,1.152,1.037,1.109,2.4373,0.0843,27
43.2502,-0.2988,-0.9123,1.7794,1.1635,1.0215,1.118,2.5131,0.0768,26
43.3502,-0.3132,-0.8609,1.7235,1.177,1.002,1.129,2.4586,0.0515,31
43.4502,-0.3226,-0.8429,1.7924,1.1905,0.981,1.141,2.4577,0.0464,30
43.5502,-0.3642,-0.8168,1.5845,1.204,0.9585,1.1535,2.4076,0.037,30
43.6502,-0.3777,-0.7969,1.6619,1.216,0.939,1.166,2.4081,0.0411,27
43.7502,-0.3972,-0.7785,1.6739,1.226,0.918,1.182,2.3989,0.0478,33
43.8502,-0.4188,-0.7541,1.6631,1.232,0.899,1.198,2.3821,0.0504,25
43.9502,-0.4816,-0.7382,1.7777,1.237,0.883,1.214,2.429,0.0401,27
44.0502,-0.4817,-0.7274,1.6733,1.2405,0.865,1.2295,2.3872,0.0517,30
44.1502,-0.5673,-0.6843,1.5511,1.243,0.846,1.2475,2.3898,0.0569,30
44.2502,-0.5262,-0.7177,1.6462,1.244,0.8245,1.2655,2.3784,0.043,30
44.3502,-0.5855,-0.6921,1.6557,1.242,0.805,1.28,2.3921,0.0597,23
44.4502,-0.5668,-0.6343,1.5501,1.238,0.785,1.2965,2.3099,0.0609,30
44.5502,-0.6455,-0.6156,1.6099,1.234,0.7635,1.312,2.3501,0.0538,26
44.6502,-0.6342,-0.6631,1.5131,1.2295,0.74,1.3295,2.34,0.0753,32
44.7502,-0.7092,-0.6228,1.6345,1.225,0.7135,1.3475,2.3684,0.0458,30
44.8502,-0.7038,-0.5855,1.594,1.219,0.6905,1.364,2.3191,0.0656,26
44.9502,-0.7776,-0.5402,1.519,1.212,0.669,1.379,2.3325,0.0539,27
45.0502,-0.7512,-0.5656,1.5349,1.197,0.6335,1.4015,2.2915,0.0518,32
45.1502,-0.8145,-0.5443,1.4957,1.169,0.583,1.433,2.2823,0.0532,23
45.2502,-0.8135,-0.5337,1.4836,1.154,0.5595,1.447,2.2511,0.0552,32
45.3502,-0.8425,-0.5241,1.4586,1.136,0.534,1.46,2.2436,0.0894,25
45.4502,-0.8626,-0.4865,1.4029,1.116,0.511,1.475,2.217,0.0432,33
45.5502,-0.8543,-0.5027,1.5082,1.0935,0.485,1.4885,2.184,0.0591,32
45.6502,-0.8807,-0.4635,1.4632,1.0735,0.461,1.5005,2.1622,0.0398,26
45.7502,-0.7354,-0.3235,1.399,1.055,0.4375,1.512,1.9487,0.1865,28
45.8502,-0.8734,-0.4282,1.3274,1.036,0.4125,1.521,2.0953,0.0695,28
45.9502,-0.9202,-0.3845,1.3574,1.017,0.3845,1.53,2.0913,0.0789,28
46.0502,-0.9533,-0.3823,1.3979,0.999,0.359,1.537,2.0929,0.0342,21
46.1502,-1.6445,0.0268,1.2839,0.9815,0.3385,1.541,2.6569,1.0365,24
46.2502,-0.9723,-0.3293,1.3541,0.957,0.311,1.544,2.0417,0.0461,25
46.3502,-1.0451,-0.2773,1.3896,0.934,0.286,1.547,2.0637,0.0563,25
46.4502,-1.0094,-0.2752,1.3912,0.908,0.259,1.549,1.9967,0.0528,28
46.5502,-1.0099,-0.2336,1.2874,0.879,0.229,1.551,1.9626,0.0612,33
46.6502,-1.0041,-0.226,1.4077,0.851,0.204,1.552,1.9097,0.0452,25
46.7502,-1.07,-0.2322,1.3569,0.82,0.178,1.552,1.9438,0.0497,35
46.8502,-1.1232,-0.2153,1.316,0.7855,0.149,1.549,1.9571,0.0555,30
46.9502,-1.0949,-0.2153,1.3853,0.758,0.125,1.5455,1.8907,0.0285,22
47.0502,-1.1262,-0.1686,1.2241,0.728,0.102,1.541,1.9004,0.05,31
47.1502,-1.147,-0.151,1.3062,0.69,0.073,1.534,1.8645,0.0606,31
47.2502,-1.1697,-0.1316,1.3149,0.651,0.044,1.527,1.8414,0.0389,29
47.3502,-1.1865,-0.1466,1.1959,0.6135,0.017,1.5185,1.836,0.0973,26
47.4502,-1.1848,-0.1306,1.158,0.5835,-0.003,1.5115,1.8078,0.071,18
47.5502,-1.2169,-0.0905,1.2517,0.551,-0.026,1.502,1.7867,0.0834,29
47.6502,-1.2342,-0.0637,1.2761,0.5115,-0.0575,1.4885,1.7586,0.0575,30
47.7502,-1.2096,-0.0408,1.2062,0.4765,-0.087,1.4755,1.708,0.067,24
47.8502,-1.2343,-0.0124,1.2109,0.4435,-0.1145,1.4615,1.6995,0.0688,26
47.9502,-1.2179,0.0347,1.2612,0.405,-0.145,1.447,1.6433,0.0905,31
48.0502,-1.2917,0.0431,1.2065,0.361,-0.1765,1.427,1.6817,0.0441,32
48.1502,-1.1617,0.092,1.1556,0.321,-0.2055,1.4115,1.5337,0.0865,22
48.2502,-1.278,0.0555,1.2606,0.286,-0.23,1.397,1.5957,0.0698,27
48.3502,-1.3597,0.0484,1.1457,0.249,-0.258,1.381,1.6544,0.1049,27
48.4502,-1.3086,0.1237,1.2987,0.211,-0.289,1.365,1.5761,0.0581,31
48.5502,-1.3245,0.1289,1.2404,0.1715,-0.3175,1.348,1.5649,0.0511,30
48.6502,-1.3264,0.1528,1.2566,0.1325,-0.3435,1.331,1.5428,0.0698,28
48.7502,-1.2738,0.1923,1.3045,0.088,-0.368,1.312,1.4726,0.056,27
48.8502,-1.8276,0.2895,1.959,0.051,-0.389,1.2965,2.1044,1.0814,24
48.9502,-2.2443,0.473,2.1345,0.018,-0.409,1.279,2.5744,1.2252,17
49.0502,-1.321,0.2385,1.331,-0.016,-0.43,1.264,1.4678,0.0633,31
49.1502,-1.3108,0.2422,1.2796,-0.057,-0.459,1.249,1.4369,0.0612,27
49.2502,-1.2813,0.2633,1.296,-0.1025,-0.4965,1.231,1.404,0.0702,30
49.3502,-1.3172,0.3045,1.3757,-0.142,-0.528,1.216,1.449,0.0722,27
49.4502,-1.305,0.3251,1.3406,-0.177,-0.5555,1.2015,1.4378,0.04,20
49.5502,-1.3221,0.3418,1.2436,-0.209,-0.579,1.188,1.4457,0.0667,25
49.6502,-1.2796,0.3942,1.3419,-0.247,-0.607,1.173,1.4481,0.0622,27
49.7502,-1.2657,0.4018,1.2807,-0.292,-0.638,1.156,1.43,0.0851,35
49.8502,-1.2828,0.409,1.3611,-0.3415,-0.6705,1.139,1.4494,0.1015,34
49.9502,-1.232,0.4402,1.4176,-0.388,-0.6995,1.124,1.4483,0.0589,32
50.0502,-1.3186,0.4331,1.4898,-0.43,-0.724,1.111,1.5073,0.0595,27
50.1502,-1.256,0.4498,1.3871,-0.469,-0.746,1.1,1.46,0.0584,31
50.2502,-1.2272,0.4747,1.3776,-0.5105,-0.7675,1.087,1.4632,0.0614,32
50.3502,-1.2185,0.4899,1.4191,-0.548,-0.788,1.077,1.4831,0.0657,27
50.4502,-1.2264,0.4697,1.3999,-0.5815,-0.808,1.0685,1.4691,0.0542,26
50.5502,-1.2246,0.5332,1.4473,-0.6145,-0.827,1.063,1.5395,0.0694,20
50.6502,-1.2011,0.5379,1.4008,-0.6455,-0.844,1.0575,1.5285,0.055,26
50.7502,-1.2022,0.5996,1.3802,-0.684,-0.864,1.053,1.5867,0.0538,31
50.8502,-1.2135,0.591,1.4323,-0.7215,-0.884,1.05,1.6012,0.0465,28
50.9502,-1.1662,0.5958,1.4634,-0.7555,-0.903,1.049,1.6083,0.06,28
51.0502,-1.194,0.5902,1.4322,-0.785,-0.921,1.05,1.6115,0.0308,25
51.1502,-1.1718,0.6468,1.4071,-0.8125,-0.938,1.05,1.6638,0.0864,24
51.2502,-1.1618,0.6726,1.5031,-0.8395,-0.9545,1.05,1.7195,0.0578,28
51.3502,-1.2019,0.6694,1.5585,-0.8675,-0.974,1.054,1.7513,0.0666,28
51.4502,-1.1316,0.6747,1.548,-0.8965,-0.994,1.059,1.7547,0.0547,32
51.5502,-1.1388,0.7117,1.5878,-0.927,-1.014,1.064,1.8159,0.0438,33
51.6502,-1.1139,0.7455,1.5711,-0.953,-1.031,1.07,1.8529,0.0599,27
51.7502,-1.1002,0.7331,1.5937,-0.978,-1.047,1.078,1.8573,0.0485,33
51.8502,-1.0398,0.7511,1.6147,-1.002,-1.062,1.089,1.8881,0.0543,27
51.9502,-1.0701,0.7406,1.6682,-1.025,-1.0755,1.0995,1.9036,0.0509,28
52.0502,-1.029,0.7851,1.6063,-1.048,-1.09,1.112,1.9393,0.0608,31
52.1502,-1.0439,0.7985,1.6885,-1.0705,-1.103,1.126,1.9831,0.0519,26
52.2502,-0.9982,0.8336,1.6816,-1.092,-1.116,1.141,2.0254,0.0625,33
52.3502,-0.9687,0.8377,1.7198,-1.1125,-1.126,1.1555,2.0482,0.0453,26
52.4502,-0.9109,0.8921,1.6565,-1.1305,-1.135,1.1695,2.0963,0.1019,28
52.5502,-0.9361,0.8572,1.6377,-1.15,-1.144,1.186,2.0626,0.0642,27
52.6502,-0.9099,0.8693,1.6528,-1.169,-1.152,1.2,2.0875,0.0652,27
52.7502,-0.9158,0.9321,1.692,-1.189,-1.1605,1.215,2.1636,0.0582,32
52.8502,-0.8527,0.9665,1.701,-1.208,-1.171,1.233,2.2168,0.0877,27
52.9502,-0.7945,0.9546,1.743,-1.2245,-1.1795,1.2495,2.2322,0.0934,28
53.0502,-0.8342,0.9308,1.6815,-1.2385,-1.1895,1.2695,2.1974,0.0591,32
53.1502,-0.7589,0.934,1.6009,-1.251,-1.197,1.286,2.2096,0.0873,23
53.2502,-0.8109,0.977,1.7541,-1.2605,-1.2025,1.3015,2.271,0.0512,26
53.3502,-0.43,0.5147,0.2198,-1.269,-1.207,1.315,2.2063,0.9607,21
53.4502,-0.7233,0.988,1.7767,-1.279,-1.211,1.332,2.3113,0.047,35
53.5502,-0.664,1.0496,1.7972,-1.29,-1.216,1.349,2.3928,0.1045,30
53.6502,-0.664,1.0259,1.7338,-1.299,-1.222,1.366,2.3647,0.0606,31
53.7502,-0.7145,0.9968,1.7463,-1.305,-1.227,1.385,2.329,0.0946,29
53.8502,-0.6536,1.0541,1.7452,-1.306,-1.231,1.402,2.401,0.0447,27
53.9502,-0.6222,1.0358,1.7063,-1.306,-1.233,1.415,2.3874,0.0621,23
54.0502,-0.6693,0.9828,1.6912,-1.306,-1.235,1.428,2.3224,0.17,25
54.1502,-0.5194,1.0504,1.6773,-1.304,-1.24,1.443,2.4324,0.0943,33
54.2502,-0.5459,1.0447,1.755,-1.301,-1.2485,1.457,2.4326,0.064,26
54.3502,-0.4894,1.0757,1.7143,-1.293,-1.254,1.4695,2.4765,0.065,26
54.4502,-0.4958,1.0725,1.7067,-1.284,-1.255,1.48,2.4678,0.0475,28
54.5502,-0.4562,1.0809,1.7499,-1.272,-1.252,1.49,2.485,0.0709,33
54.6502,-0.4123,1.1075,1.7197,-1.2605,-1.248,1.501,2.5131,0.0473,30
54.7502,-0.4299,1.1613,1.7398,-1.2505,-1.244,1.51,2.5518,0.055,30
54.8502,-0.4421,1.1408,1.767,-1.24,-1.241,1.518,2.5243,0.0505,24
54.9502,-0.3675,1.1195,1.7294,-1.228,-1.239,1.523,2.519,0.0631,29
55.0502,-0.315,1.1081,1.6772,-1.214,-1.237,1.528,2.5159,0.0475,27
55.1502,-0.3198,1.1287,1.7517,-1.1995,-1.234,1.531,2.5308,0.0551,26
55.2502,-0.3091,1.1462,1.6177,-1.182,-1.231,1.532,2.5338,0.0542,29
55.3502,-0.2763,1.1748,1.6362,-1.163,-1.226,1.532,2.5614,0.0603,31
55.4502,-0.1725,1.2268,1.7034,-1.1415,-1.218,1.532,2.6354,0.154,32
55.5502,-0.1654,1.1694,1.676,-1.122,-1.21,1.5305,2.5686,0.0614,26
55.6502,-0.164,1.1531,1.7289,-1.1025,-1.203,1.526,2.5442,0.1036,30
55.7502,-0.1308,1.1895,1.658,-1.08,-1.1955,1.521,2.5705,0.0616,30
55.8502,-0.0106,1.2911,1.4892,-1.057,-1.1875,1.5155,2.6906,0.2584,26
55.9502,-0.1286,1.193,1.7774,-1.0335,-1.179,1.509,2.5529,0.0461,24
56.0502,-0.0556,1.2044,1.6422,-1.007,-1.1675,1.5015,2.5595,0.0597,26
56.1502,-0.0795,1.2126,1.7217,-0.9805,-1.155,1.4935,2.5435,0.0668,24
56.2502,0.0167,1.2416,1.6439,-0.952,-1.144,1.485,2.5797,0.081,27
56.3502,0.0289,1.22,1.7592,-0.9265,-1.1335,1.475,2.5559,0.0521,24
56.4502,0.0546,1.2246,1.6368,-0.9025,-1.1255,1.464,2.5434,0.0366,24
56.5502,0.1062,1.1849,1.5308,-0.8765,-1.1175,1.452,2.5046,0.0448,28
56.6502,0.1446,1.2173,1.4556,-0.846,-1.108,1.439,2.5276,0.0702,31
56.7502,0.1779,1.21,1.5588,-0.812,-1.097,1.422,2.5141,0.0513,33
56.8502,0.1757,1.2304,1.4809,-0.777,-1.083,1.405,2.5031,0.0959,29
56.9502,0.2446,1.2562,1.6048,-0.738,-1.067,1.388,2.5317,0.0485,31
57.0502,0.2272,1.2351,1.5818,-0.703,-1.054,1.373,2.4797,0.0459,23
57.1502,0.3199,1.234,1.4134,-0.672,-1.04,1.36,2.4815,0.0686,27
57.2502,0.3026,1.1902,1.486,-0.6415,-1.0275,1.3445,2.4144,0.0504,22
57.3502,0.3888,1.2962,1.522,-0.607,-1.01,1.327,2.5196,0.1373,33
57.4502,0.4293,1.2654,1.5035,-0.57,-0.992,1.308,2.4765,0.1562,27
57.5502,0.3898,1.2138,1.5221,-0.5355,-0.9775,1.291,2.3898,0.0415,22
57.6502,0.3912,1.2913,1.4053,-0.5,-0.962,1.274,2.4267,0.0649,31
57.7502,0.4359,1.2451,1.45,-0.464,-0.9435,1.2565,2.3743,0.055,24
57.8502,0.4804,1.2175,1.4901,-0.432,-0.924,1.242,2.341,0.0525,25
57.9502,0.495,1.241,1.3903,-0.399,-0.905,1.227,2.3305,0.0709,27
58.0502,0.523,1.2622,1.4051,-0.361,-0.884,1.209,2.3294,0.1019,31
58.1502,0.5487,1.2314,1.4545,-0.322,-0.862,1.192,2.2825,0.0593,29
58.2502,0.5717,1.2655,1.4025,-0.279,-0.84,1.174,2.2824,0.0571,33
58.3502,0.5996,1.2055,1.317,-0.233,-0.817,1.157,2.193,0.0641,29
58.4502,0.6355,1.2212,1.1963,-0.187,-0.791,1.14,2.1745,0.0803,29
58.5502,0.6509,1.2249,1.3096,-0.142,-0.764,1.126,2.149,0.066,33
58.6502,0.6447,1.2379,1.3323,-0.095,-0.7325,1.1105,2.1164,0.0622,34
58.7502,0.7589,1.3482,1.3087,-0.0485,-0.6995,1.0955,2.2114,0.2809,30
58.8502,0.7343,1.2431,1.2817,-0.011,-0.676,1.085,2.0681,0.0586,27
58.9502,0.8213,1.431,1.0269,0.029,-0.6565,1.073,2.2333,0.3826,28
59.0502,0.7585,1.2263,1.3303,0.07,-0.64,1.065,2.0069,0.0861,31
59.1502,0.7993,1.2478,1.318,0.1165,-0.617,1.055,2.0032,0.0536,30
59.2502,0.8727,1.2409,1.1192,0.156,-0.596,1.05,1.9729,0.0931,15
59.3502,0.8308,1.2681,1.2025,0.1885,-0.5775,1.047,1.9603,0.0867,28
59.4502,0.8307,1.2234,1.3105,0.2255,-0.5535,1.042,1.8962,0.0705,24
59.5502,0.8639,1.1664,1.3685,0.261,-0.53,1.038,1.8304,0.0578,25
59.6502,0.8703,1.1789,1.2159,0.299,-0.506,1.037,1.7881,0.0946,31
59.7502,0.9396,1.1909,1.2318,0.344,-0.477,1.038,1.7817,0.0701,35
59.8502,0.9483,1.1596,1.1976,0.3845,-0.4475,1.038,1.7106,0.0757,26
59.9502,0.9678,1.1222,1.2383,0.423,-0.417,1.039,1.6449,0.0646,27
60.0502,0.9584,1.1444,1.2711,0.4625,-0.387,1.04,1.6262,0.0664,32
60.1502,0.5229,0.6464,0.2291,0.502,-0.361,1.043,1.2953,0.9779,24
60.2502,1.0073,1.1566,1.1762,0.539,-0.337,1.048,1.5705,0.0803,29
60.3502,1.0286,1.1312,1.2579,0.575,-0.3155,1.054,1.5298,0.0539,26
60.4502,0.9975,1.1597,1.2944,0.611,-0.2905,1.063,1.5186,0.0572,30
60.5502,1.1339,1.0766,1.0973,0.647,-0.2665,1.072,1.4289,0.0663,28
60.6502,1.3502,0.8092,1.1132,0.6785,-0.2445,1.0805,1.25,1.0695,24
60.7502,1.1005,1.0921,1.1503,0.7145,-0.2175,1.092,1.3665,0.0649,36
60.8502,1.1436,1.1206,1.2962,0.7505,-0.1885,1.108,1.3798,0.1097,32
60.9502,1.2178,1.1225,1.286,0.7825,-0.1595,1.1235,1.3636,0.0863,32
61.0502,1.1227,1.073,1.2516,0.8145,-0.1285,1.138,1.2456,0.0648,30
61.1502,1.1219,1.0583,1.1583,0.8435,-0.1005,1.1535,1.1918,0.0734,24
61.2502,1.1293,0.9995,1.3287,0.873,-0.073,1.168,1.1144,0.0735,25
61.3502,1.1612,1.0055,1.2891,0.905,-0.0445,1.183,1.086,0.0662,30
61.4502,1.1649,1.0379,1.2419,0.936,-0.017,1.198,1.0804,0.0732,27
61.5502,1.1595,1.007,1.3305,0.9665,0.008,1.2155,1.024,0.0613,32
61.6502,1.2054,1.0062,1.3698,0.996,0.037,1.234,1.0009,0.0679,31
61.7502,1.1662,0.9602,1.3652,1.02,0.067,1.254,0.9119,0.0652,33
61.8502,1.1923,0.9154,1.2737,1.0455,0.099,1.2705,0.8295,0.078,30
61.9502,1.1729,0.9528,1.3884,1.069,0.129,1.289,0.8362,0.0555,31
62.0502,1.2121,0.9324,1.3426,1.0885,0.154,1.3035,0.7891,0.0837,20
62.1502,1.1825,0.9271,1.2931,1.1095,0.1805,1.322,0.7507,0.1126,36
62.2502,1.2345,0.925,1.3891,1.132,0.212,1.3435,0.7217,0.0916,34
62.3502,0.7654,0.9529,1.1667,1.1505,0.2415,1.363,0.8324,1.0231,26
62.4502,1.2962,0.8783,1.4164,1.1645,0.2675,1.379,0.6259,0.0864,30
62.5502,1.267,0.8473,1.4418,1.178,0.299,1.396,0.5573,0.0543,31
62.6502,1.2407,0.8279,1.4263,1.19,0.3325,1.4125,0.4981,0.0666,32
62.7502,1.258,0.8689,1.4934,1.198,0.364,1.426,0.5129,0.0785,27
62.8502,0.9465,0.3338,1.2546,1.202,0.391,1.4395,0.3205,0.9633,26
62.9502,1.2269,0.8303,1.5388,1.205,0.416,1.453,0.4236,0.064,29
63.0502,1.2433,0.7955,1.5335,1.209,0.4445,1.4625,0.3597,0.0499,28
63.1502,1.245,0.7439,1.4161,1.213,0.471,1.473,0.2806,0.0625,29
63.2502,1.2429,0.788,1.4026,1.217,0.497,1.483,0.303,0.0635,28
63.3502,1.2361,0.7549,1.537,1.222,0.527,1.492,0.2327,0.0595,35
63.4502,1.2305,0.7233,1.4756,1.226,0.558,1.503,0.1676,0.0691,33
63.5502,1.2231,0.7018,1.455,1.228,0.588,1.51,0.1265,0.0684,33
63.6502,1.2815,0.7073,1.4495,1.231,0.6165,1.515,0.1228,0.0616,26
63.7502,1.2695,0.6305,1.4228,1.233,0.638,1.5195,0.1036,0.0614,26
63.8502,1.3792,0.7019,1.2747,1.234,0.659,1.521,0.2892,0.4311,25
63.9502,1.2011,0.6624,1.5303,1.233,0.676,1.521,0.0359,0.0511,27
64.0502,1.2403,0.64,1.4292,1.2305,0.6905,1.52,0.1044,0.0716,16
64.1502,1.2189,0.6412,1.5437,1.227,0.701,1.519,0.0652,0.0819,17
64.2502,1.1858,0.5761,1.5263,1.223,0.712,1.518,0.1412,0.0959,17
64.3502,1.1507,0.6071,1.6449,1.216,0.725,1.516,0.1865,0.0674,19
64.4502,1.1868,0.5682,1.661,1.206,0.743,1.5135,0.2295,0.0581,32
64.5502,1.1623,0.5693,1.5877,1.1915,0.769,1.508,0.217,0.0853,28
64.6502,1.1578,0.5403,1.6316,1.179,0.793,1.502,0.2848,0.0795,31
64.7502,1.1149,0.5254,1.729,1.164,0.818,1.495,0.3779,0.0769,33
64.8502,1.0751,0.4797,1.711,1.152,0.8425,1.486,0.4338,0.0833,24
64.9502,1.146,0.4875,1.668,1.138,0.863,1.477,0.4214,0.1064,31
65.0502,1.0763,0.436,1.7097,1.12,0.887,1.466,0.5145,0.0727,29
65.1502,1.0699,0.4328,1.7253,1.1025,0.9095,1.455,0.549,0.077,26
65.2502,1.1208,0.4895,1.696,1.083,0.93,1.443,0.5094,0.098,29
65.3502,1.0639,0.3771,1.6448,1.06,0.955,1.426,0.6179,0.0698,33
65.4502,1.0546,0.4022,1.6166,1.037,0.974,1.413,0.6073,0.0746,23
65.5502,1.0062,0.3775,1.6282,1.0165,0.9905,1.3995,0.6543,0.0707,26
65.6502,0.9844,0.3407,1.7722,0.995,1.007,1.385,0.7707,0.0636,23
65.7502,0.9867,0.3056,1.6432,0.969,1.025,1.368,0.7705,0.054,33
65.8502,1.0367,0.2686,1.595,0.942,1.0395,1.35,0.8144,0.0751,26
65.9502,0.9764,0.2653,1.6682,0.9135,1.055,1.333,0.8602,0.0729,32
66.0502,0.9156,0.201,1.8091,0.8875,1.0695,1.3165,0.9988,0.0604,26
66.1502,0.917,0.2513,1.8241,0.8605,1.0815,1.2995,0.9837,0.1169,28
66.2502,0.8733,0.2246,1.6947,0.8295,1.0945,1.2815,0.964,0.0518,26
66.3502,0.9454,0.2274,1.6904,0.798,1.1055,1.264,0.9872,0.1374,30
66.4502,0.8876,0.1699,1.7563,0.761,1.119,1.243,1.0864,0.0482,37
66.5502,0.3992,-0.1222,1.8889,0.7285,1.1315,1.2265,1.4556,0.858,22
66.6502,0.8491,0.1948,1.8026,0.6995,1.1425,1.2115,1.1269,0.0827,28
66.7502,0.7812,0.1605,1.6905,0.666,1.156,1.195,1.1179,0.0478,27
66.8502,0.8008,0.1315,1.7907,0.628,1.172,1.177,1.2204,0.044,35
66.9502,0.77,0.0537,1.8104,0.592,1.1855,1.16,1.3175,0.0491,22
67.0502,0.7119,0.0683,1.8257,0.556,1.196,1.143,1.3275,0.0558,31
67.1502,0.7193,0.0474,1.7834,0.5145,1.206,1.1275,1.3471,0.0572,32
67.2502,0.7341,0.0226,1.8208,0.474,1.216,1.113,1.4117,0.1158,31
67.3502,0.6694,0.0096,1.8107,0.4335,1.225,1.102,1.4266,0.0433,28
67.4502,0.6457,-0.0361,1.7042,0.394,1.235,1.0915,1.4333,0.0489,28
67.5502,0.6143,-0.0423,1.7751,0.35,1.244,1.0795,1.486,0.0539,32
67.6502,0.5776,-0.0218,1.6436,0.304,1.253,1.0685,1.425,0.0778,32
67.7502,0.5211,-0.133,1.6192,0.2625,1.261,1.0605,1.5239,0.0663,28
67.8502,0.5091,-0.1001,1.7321,0.229,1.265,1.053,1.5502,0.0478,21
67.9502,0.5053,-0.1835,1.6581,0.196,1.269,1.046,1.6062,0.0377,27
68.0502,0.4594,-0.1403,1.7086,0.153,1.272,1.037,1.5936,0.046,33
68.1502,0.467,-0.1368,1.6501,0.1085,1.278,1.031,1.5854,0.0537,28
68.2502,0.4107,-0.1904,1.7247,0.066,1.281,1.029,1.6637,0.0497,29
68.3502,0.362,-0.2161,1.6435,0.021,1.28,1.027,1.6537,0.0541,32
68.4502,0.3284,-0.2117,1.6265,-0.021,1.277,1.029,1.6418,0.0571,27
68.5502,0.3249,-0.2293,1.6398,-0.061,1.271,1.03,1.6648,0.0771,28
68.6502,0.2644,-0.2711,1.5995,-0.109,1.266,1.034,1.6799,0.0667,37
68.7502,0.3041,-0.4709,0.8307,-0.157,1.261,1.039,1.8043,0.9887,29
68.8502,0.2588,-0.2928,1.5453,-0.202,1.255,1.046,1.6904,0.0519,33
68.9502,0.1932,-0.3229,1.5867,-0.246,1.246,1.056,1.7135,0.0587,31
69.0502,0.1635,-0.3568,1.5713,-0.288,1.239,1.063,1.7346,0.055,29
69.1502,0.155,-0.3841,1.4792,-0.327,1.233,1.0715,1.7359,0.0568,28
69.2502,0.121,-0.4178,1.4766,-0.3685,1.2265,1.0815,1.7605,0.0699,34
69.3502,0.3699,-0.5746,0.1218,-0.4075,1.2215,1.094,2.1853,1.1056,24
69.4502,0.0649,-0.4304,1.4917,-0.437,1.218,1.105,1.7659,0.0464,23
69.5502,-0.0032,-0.3561,1.3861,-0.471,1.214,1.116,1.6604,0.1845,29
69.6502,-0.0495,-0.4348,1.3907,-0.51,1.207,1.131,1.7248,0.1025,31
69.7502,-0.0081,-0.4574,1.4493,-0.55,1.1975,1.145,1.7678,0.0952,30
69.8502,-0.0401,-0.4795,1.3685,-0.588,1.185,1.164,1.7642,0.0476,31
69.9502,-0.0397,-0.5567,1.4133,-0.624,1.171,1.18,1.8387,0.0543,27
70.0502,-0.0856,-0.5518,1.4835,-0.6565,1.16,1.195,1.8274,0.0585,26
70.1502,-0.1188,-0.5337,1.3251,-0.691,1.148,1.211,1.7801,0.0671,31
70.2502,-0.1511,-0.5413,1.4107,-0.725,1.138,1.227,1.7841,0.063,25
70.3502,-0.1899,-0.616,1.4452,-0.758,1.126,1.243,1.8434,0.0619,27
70.4502,-0.238,-0.6177,1.4611,-0.792,1.112,1.259,1.8274,0.0608,29
70.5502,-0.2516,-0.6392,1.4536,-0.8305,1.095,1.278,1.8367,0.0596,34
70.6502,-0.2417,-0.672,1.2157,-0.861,1.082,1.295,1.8618,0.0639,19
70.7502,-0.2819,-0.696,1.2618,-0.8865,1.07,1.3095,1.8673,0.0565,30
70.8502,-0.3493,-0.695,1.2267,-0.9225,1.054,1.3305,1.8434,0.0574,30
70.9502,-0.3679,-0.7686,1.3622,-0.948,1.04,1.35,1.8994,0.1073,27
71.0502,-0.3381,-0.753,1.266,-0.973,1.0235,1.367,1.8892,0.0655,32
71.1502,-0.3721,-0.7645,1.2663,-0.999,1.005,1.383,1.8808,0.078,27
71.2502,-0.8891,-1.2739,0.0354,-1.026,0.987,1.401,2.6449,0.8282,31
71.3502,-0.4611,-0.8032,1.3017,-1.051,0.971,1.416,1.8731,0.0462,23
71.4502,-0.4892,-0.8105,1.318,-1.073,0.956,1.43,1.8639,0.0661,25
71.5502,-0.5216,-0.8366,1.2847,-1.095,0.939,1.445,1.8728,0.0428,31
71.6502,-0.492,-0.8179,1.2758,-1.119,0.921,1.46,1.8576,0.0426,29
71.7502,-0.5434,-0.8471,1.2222,-1.139,0.903,1.469,1.865,0.0546,26
71.8502,-0.5749,-0.8666,1.2573,-1.157,0.885,1.478,1.8589,0.0717,27
71.9502,-0.6357,-0.8937,1.1995,-1.174,0.865,1.485,1.8613,0.0755,27
72.0502,-0.633,-0.8811,1.2145,-1.193,0.841,1.493,1.8322,0.0708,33
72.1502,-0.6302,-0.9345,1.1784,-1.208,0.819,1.5,1.874,0.0617,25
72.2502,-0.7294,-0.9468,1.2987,-1.2215,0.7955,1.5055,1.8222,0.0698,30
72.3502,-1.3131,-1.045,0.9176,-1.235,0.774,1.51,1.9146,1.1348,21
72.4502,-0.7636,-0.9779,1.2017,-1.246,0.751,1.515,1.8221,0.0642,30
72.5502,-0.7369,-0.994,1.2241,-1.259,0.728,1.518,1.8233,0.0463,25
72.6502,-0.7732,-1.0021,1.2782,-1.271,0.705,1.519,1.7944,0.0624,29
72.7502,-0.8141,-0.989,1.2755,-1.2805,0.685,1.522,1.7551,0.0722,22
72.8502,-0.8575,-0.991,1.1936,-1.288,0.665,1.522,1.7423,0.0598,26
72.9502,-0.832,-1.0278,1.2188,-1.296,0.642,1.52,1.7591,0.0625,29
73.0502,-0.8504,-1.0561,1.2136,-1.301,0.62,1.517,1.762,0.0754,31
73.1502,-0.9149,-1.0633,1.242,-1.302,0.597,1.511,1.7259,0.0616,33
73.2502,-0.9304,-1.0542,1.2309,-1.301,0.575,1.505,1.6932,0.0538,26
73.3502,-0.9001,-1.0879,1.2656,-1.301,0.557,1.497,1.7088,0.064,29
73.4502,-0.6772,-1.4777,-0.1241,-1.299,0.535,1.489,2.6532,0.9063,29
73.5502,-0.9417,-1.0905,1.2487,-1.294,0.505,1.478,1.6499,0.0755,34
73.6502,-0.9685,-1.1253,1.2712,-1.288,0.474,1.467,1.6427,0.061,25
73.7502,-0.9131,-1.1015,1.2009,-1.281,0.4495,1.457,1.6145,0.0933,22
73.8502,-1.0015,-1.1552,1.2757,-1.269,0.418,1.444,1.6046,0.055,29
73.9502,-0.9976,-1.1462,1.2902,-1.257,0.387,1.426,1.5609,0.0699,31
74.0502,-1.06,-1.1523,1.316,-1.2405,0.3605,1.4095,1.5264,0.0414,30
74.1502,-1.0811,-1.1539,1.3845,-1.2235,0.335,1.3925,1.4957,0.0597,30
74.2502,-1.0909,-1.1303,1.3622,-1.209,0.308,1.376,1.4432,0.0669,29
74.3502,-1.078,-1.184,1.2789,-1.196,0.281,1.36,1.472,0.0548,25
74.4502,-1.3809,-1.164,0.4514,-1.1835,0.254,1.345,1.6877,0.9856,28
74.5502,-1.1598,-1.1726,1.4479,-1.1705,0.2245,1.328,1.4023,0.0839,28
74.6502,-1.1456,-1.1846,1.3498,-1.157,0.196,1.312,1.3812,0.0497,23
74.7502,-1.0996,-1.171,1.2707,-1.1425,0.1705,1.296,1.3424,0.0861,30
74.8502,-1.1406,-1.2003,1.4492,-1.121,0.144,1.277,1.3554,0.0668,33
74.9502,-1.1798,-1.2054,1.4418,-1.099,0.12,1.259,1.3404,0.0461,27
75.0502,-1.226,-1.235,1.3475,-1.078,0.091,1.239,1.3387,0.0573,35
75.1502,-1.1799,-1.2606,1.3639,-1.056,0.057,1.219,1.3313,0.0487,29
75.2502,-1.1635,-1.2347,1.4744,-1.0345,0.0305,1.2035,1.3003,0.0557,26
75.3502,-1.2482,-1.2421,1.4268,-1.012,0.005,1.187,1.2917,0.0504,31
75.4502,-1.5806,-1.6521,0.4643,-0.9865,-0.0175,1.1715,1.8775,0.8869,28
75.5502,-1.2917,-1.2571,1.4589,-0.9565,-0.0455,1.1535,1.2937,0.0488,34
75.6502,-1.2533,-1.2442,1.3698,-0.922,-0.076,1.137,1.2364,0.0896,29
75.7502,-1.2902,-1.2442,1.4512,-0.885,-0.106,1.122,1.2523,0.0516,33
75.8502,-1.3062,-1.2585,1.4822,-0.851,-0.132,1.108,1.2713,0.0598,25
75.9502,-1.304,-1.2552,1.4928,-0.8195,-0.1585,1.0955,1.2631,0.0513,30
76.0502,-1.3477,-1.2264,1.4136,-0.79,-0.186,1.085,1.2253,0.0481,21
76.1502,-1.2808,-1.254,1.448,-0.7585,-0.2145,1.0755,1.2216,0.0629,32
76.2502,-1.3323,-1.2477,1.4944,-0.718,-0.2515,1.066,1.2463,0.0597,32
76.3502,-1.3235,-1.2689,1.6239,-0.6785,-0.2865,1.0575,1.3046,0.0576,30
76.4502,-1.3727,-2.0361,0.1576,-0.644,-0.312,1.052,2.0745,1.3548,23
76.5502,-1.3018,-1.2433,1.6,-0.6145,-0.3345,1.0475,1.2663,0.0511,22
76.6502,-1.2698,-1.2808,1.6636,-0.5795,-0.361,1.0415,1.3075,0.0671,32
76.7502,-1.3132,-1.2878,1.6432,-0.541,-0.391,1.038,1.3292,0.0514,25
76.8502,-1.3152,-1.267,1.6446,-0.505,-0.4195,1.036,1.321,0.0478,30
76.9502,-1.1351,-1.3804,0.2592,-0.468,-0.445,1.035,1.3864,1.0156,25
77.0502,-1.2929,-1.29,1.5155,-0.433,-0.467,1.034,1.284,0.0543,27
77.1502,-1.2995,-1.2849,1.6374,-0.392,-0.491,1.037,1.347,0.0606,27
77.2502,-1.3272,-1.2904,1.6917,-0.359,-0.5125,1.039,1.4031,0.0554,22
77.3502,-1.7947,-1.5268,1.2859,-0.325,-0.533,1.041,1.791,0.9914,25
77.4502,-1.2831,-1.3016,1.6236,-0.281,-0.558,1.0465,1.3749,0.0652,32
77.5502,-1.3231,-1.2762,1.7007,-0.237,-0.583,1.053,1.4421,0.065,27
77.6502,-1.2898,-1.247,1.5763,-0.201,-0.6065,1.0605,1.3645,0.0682,26
77.7502,-1.2827,-1.7385,0.5891,-0.1635,-0.6315,1.07,1.646,0.9668,28
77.8502,-1.3131,-1.2449,1.437,-0.127,-0.656,1.081,1.3712,0.1131,27
77.9502,-1.338,-1.2817,1.6748,-0.093,-0.675,1.09,1.5034,0.1469,23
78.0502,-1.2594,-1.1936,1.5945,-0.064,-0.69,1.099,1.3886,0.1119,19
78.1502,-1.26,-1.2315,1.7045,-0.0295,-0.7055,1.1085,1.4649,0.1343,26
78.2502,-1.3242,-1.1765,1.6685,0.003,-0.7215,1.119,1.5068,0.1591,22
78.3502,-1.2291,-1.3281,1.291,0.04,-0.741,1.13,1.4075,1.0885,29
78.4502,-1.2569,-1.2266,1.6928,0.0805,-0.7625,1.143,1.5187,0.0782,28
78.5502,-1.1762,-1.2048,1.6879,0.117,-0.784,1.158,1.4595,0.0505,25
78.6502,-1.1717,-1.2322,1.5581,0.155,-0.8045,1.171,1.4467,0.0639,28
78.7502,-1.2372,-1.2138,0.8761,0.192,-0.8265,1.1855,1.5127,1.1359,22
78.8502,-1.192,-1.2489,1.727,0.242,-0.857,1.206,1.5752,0.1146,27
78.9502,-1.1799,-1.2101,1.6656,0.288,-0.881,1.227,1.5669,0.0611,33
79.0502,-1.1097,-1.2219,1.5699,0.34,-0.903,1.249,1.5186,0.0719,33
79.1502,-1.0948,-1.1986,1.6839,0.388,-0.923,1.27,1.564,0.0665,31
79.2502,-1.3484,-1.6103,0.7932,0.427,-0.943,1.288,1.9602,0.8951,27
79.3502,-1.0032,-1.2242,1.6597,0.46,-0.96,1.304,1.5288,0.0537,27
79.4502,-1.0598,-1.2496,1.6521,0.4945,-0.977,1.32,1.6126,0.1456,28
79.5502,-1.01,-1.197,1.7394,0.5265,-0.9925,1.334,1.6022,0.0309,26
79.6502,-0.9443,-1.2233,1.6544,0.558,-1.007,1.348,1.5485,0.0419,23
79.7502,-0.9521,-1.1832,1.5928,0.588,-1.021,1.361,1.5659,0.0653,25
79.8502,-0.9549,-1.1735,1.6298,0.619,-1.034,1.375,1.6005,0.0684,25
79.9502,-0.9246,-1.1654,1.6427,0.652,-1.045,1.39,1.6013,0.0486,27
80.0502,-0.8817,-1.171,1.5826,0.6835,-1.054,1.4055,1.5795,0.0522,24
80.1502,-0.9363,-1.1382,1.4797,0.7155,-1.065,1.4215,1.6544,0.0573,30
80.2502,-0.9282,-1.1305,1.5602,0.746,-1.077,1.4365,1.6796,0.0765,26
80.3502,-0.8325,-1.1186,1.5605,0.773,-1.089,1.449,1.6096,0.0638,25
80.4502,-0.7984,-1.0231,0.6449,0.798,-1.103,1.46,1.7942,1.2482,17
80.5502,-0.7764,-1.1195,1.6092,0.821,-1.116,1.47,1.6035,0.0466,21
80.6502,-0.7463,-1.1056,1.6194,0.849,-1.129,1.481,1.6014,0.065,29
80.7502,-0.7217,-1.1184,1.5544,0.8765,-1.141,1.491,1.5996,0.0615,26
80.8502,-0.7035,-1.087,1.6221,0.9045,-1.1485,1.502,1.6136,0.0347,32
80.9502,-0.7181,-1.0586,1.5006,0.934,-1.156,1.512,1.655,0.0692,29
81.0502,-0.6896,-1.0651,1.6547,0.961,-1.162,1.518,1.6591,0.0596,29
81.1502,-0.6034,-1.0962,1.4974,0.984,-1.17,1.522,1.5893,0.0639,27
81.2502,-0.618,-1.065,1.5649,0.998,-1.176,1.524,1.6203,0.0547,24
81.3502,-0.5971,-1.048,1.477,1.006,-1.18,1.525,1.6092,0.05,27
81.4502,-0.5727,-1.0355,1.4957,1.01,-1.185,1.524,1.59,0.0464,29
81.5502,-0.5505,-1.0357,1.5387,1.011,-1.192,1.523,1.5694,0.0567,35
81.6502,-0.4407,-0.9651,1.2718,1.01,-1.197,1.522,1.4903,0.1062,31
81.7502,-0.4745,-0.999,1.4943,1.01,-1.199,1.521,1.4981,0.0464,26
81.8502,-0.4447,-0.9958,1.3935,1.01,-1.197,1.522,1.4741,0.0514,31
81.9502,-0.4242,-0.9984,1.3701,1.009,-1.194,1.521,1.4544,0.0447,23
82.0502,-0.3792,-0.9731,1.3635,1.008,-1.192,1.52,1.4131,0.0536,27
82.1502,-0.4007,-0.9847,1.4456,1.006,-1.191,1.518,1.4236,0.0682,28
82.2502,-0.3732,-0.9121,1.405,1.004,-1.193,1.519,1.4102,0.0564,26
82.3502,-0.3325,-0.8869,1.34,1.003,-1.196,1.517,1.3822,0.0538,27
82.4502,-0.3097,-0.9273,1.3834,1.001,-1.198,1.515,1.3448,0.0782,29
82.5502,-0.2768,-0.9227,1.3265,1.0,-1.2,1.512,1.3196,0.0758,33
82.6502,-0.2477,-0.8826,1.3745,1.0,-1.198,1.508,1.2939,0.0568,28
82.7502,-0.2536,-0.8858,1.3354,1.002,-1.197,1.503,1.3044,0.0736,25
82.8502,-0.1849,-0.8589,1.367,1.003,-1.195,1.493,1.241,0.059,33
82.9502,-0.1323,-0.8022,1.3253,1.004,-1.191,1.479,1.2108,0.0463,27
83.0502,-0.0685,-0.7917,1.2844,1.003,-1.188,1.4575,1.1555,0.0625,32
83.1502,-0.066,-0.789,1.3893,1.001,-1.187,1.4335,1.1397,0.054,26
83.2502,-0.0762,-0.7606,1.2466,1.0,-1.19,1.405,1.1695,0.0624,28
83.3502,-0.0495,-0.7865,1.2616,0.999,-1.1955,1.367,1.1304,0.0659,32
83.4502,-0.0087,-0.7305,1.1991,0.999,-1.199,1.3185,1.1177,0.0552,32
83.5502,0.0193,-0.7341,1.1623,0.999,-1.2,1.259,1.0891,0.0508,32
83.6502,0.0345,-0.7463,1.1533,0.998,-1.197,1.199,1.0647,0.0857,25
83.7502,0.0838,-0.64,1.1856,0.999,-1.194,1.1405,1.0707,0.0772,26
83.8502,0.0872,-0.6638,1.25,1.0005,-1.192,1.07,1.0703,0.0465,30
83.9502,0.1387,-0.6303,1.1785,1.001,-1.191,0.9875,1.0462,0.0852,28
84.0502,0.1671,-0.6458,1.2802,1.002,-1.194,0.9095,1.0654,0.0557,28
84.1502,0.1796,-0.6361,1.2651,1.003,-1.1965,0.8275,1.0879,0.0395,30
84.2502,0.2542,-0.5822,1.2519,1.004,-1.199,0.75,1.0929,0.0545,26
84.3502,0.2573,-0.5781,1.2511,1.005,-1.2,0.671,1.1324,0.0417,30
84.4502,0.3648,-0.4709,1.3396,1.005,-1.199,0.583,1.2298,0.2633,35
84.5502,0.2837,-0.5473,1.1785,1.005,-1.196,0.497,1.1855,0.0352,28
84.6502,0.3205,-0.5387,1.1651,1.003,-1.196,0.416,1.2079,0.0468,36
84.7502,0.374,-0.4867,1.256,1.0,-1.197,0.342,1.316,0.0703,29
84.8502,0.4013,-0.4898,1.1845,0.998,-1.2,0.28,1.2956,0.0589,31
84.9502,0.503,-0.3786,1.1728,0.997,-1.2065,0.2225,1.3537,0.1961,32
85.0502,0.3743,-0.4858,1.2292,0.999,-1.215,0.175,1.4259,0.0727,33
85.1502,0.4742,-0.4348,1.1834,1.0,-1.224,0.137,1.4122,0.0591,35
85.2502,0.4488,-0.4094,1.2635,1.0,-1.229,0.1115,1.5174,0.0651,30
85.3502,0.5204,-0.4012,1.2217,1.0,-1.233,0.088,1.4857,0.0599,27
85.4502,0.5492,-0.3366,1.296,1.002,-1.233,0.081,1.5764,0.0381,30
85.5502,0.5897,-0.3508,1.1712,1.0045,-1.234,0.079,1.4646,0.0646,26
85.6502,0.6639,-0.3103,1.2445,1.005,-1.235,0.075,1.5294,0.1577,33
85.7502,0.6145,-0.334,1.2289,1.004,-1.237,0.072,1.5184,0.0487,33
85.8502,0.3326,-0.3054,1.3635,1.004,-1.237,0.071,1.7289,0.9963,28
85.9502,0.6567,-0.2924,1.2243,1.004,-1.237,0.071,1.5306,0.0525,32
86.0502,0.7026,-0.2905,1.0883,1.004,-1.237,0.071,1.4218,0.0639,31
86.1502,0.7007,-0.249,1.1902,1.004,-1.237,0.071,1.5234,0.0512,29
86.2502,0.7373,-0.2372,1.2279,1.004,-1.237,0.071,1.5521,0.06,34
86.3502,0.7286,-0.2352,1.2492,1.004,-1.237,0.071,1.5709,0.0447,26
86.4502,0.7951,-0.2052,1.2322,1.004,-1.237,0.071,1.5673,0.0691,28
86.5502,0.7688,-0.2069,1.338,1.004,-1.237,0.071,1.6498,0.042,26
86.6502,0.8266,-0.2012,1.2644,1.004,-1.237,0.071,1.5902,0.0656,28
86.7502,0.8333,-0.1413,1.2719,1.004,-1.237,0.071,1.6345,0.0609,29
86.8502,0.8802,-0.1109,1.2663,1.004,-1.237,0.071,1.6468,0.0537,23
86.9502,0.8798,-0.1023,1.3063,1.004,-1.237,0.071,1.682,0.0579,32
87.0502,0.9012,-0.0718,1.4233,1.004,-1.237,0.071,1.788,0.0671,27
87.1502,0.9373,-0.0524,1.3544,1.004,-1.237,0.071,1.7478,0.0544,30
87.2502,0.9765,-0.0677,1.3548,1.004,-1.237,0.071,1.7367,0.0611,31
87.3502,1.0804,-0.4473,0.2647,1.004,-1.237,0.071,0.8167,1.1215,23
87.4502,1.0243,-0.0195,1.4733,1.004,-1.237,0.071,1.8572,0.0519,30
87.5502,0.988,0.0116,1.5015,1.004,-1.237,0.071,1.8988,0.0523,28
87.6502,1.039,0.0653,1.4422,1.004,-1.237,0.071,1.8915,0.0556,27
87.7502,1.0748,0.0788,1.4475,1.004,-1.237,0.071,1.9056,0.0631,28
87.8502,1.0758,0.0888,1.5463,1.004,-1.237,0.071,1.9848,0.0671,22
87.9502,1.0132,0.1128,1.552,1.004,-1.237,0.071,2.0039,0.0666,25
88.0502,1.1604,0.1514,1.4911,1.004,-1.237,0.071,1.9921,0.1576,33
88.1502,1.0959,0.1238,1.4563,1.004,-1.237,0.071,1.944,0.0768,31
88.2502,1.1387,0.1801,1.5455,1.004,-1.237,0.071,2.0495,0.0793,25
88.3502,0.5873,-0.0563,-0.4418,1.004,-1.237,0.071,1.353,1.0807,26
88.4502,1.0825,0.2028,1.6005,1.004,-1.237,0.071,2.102,0.0779,29
88.5502,1.1803,0.1737,1.411,1.004,-1.237,0.071,1.9536,0.0615,32
88.6502,1.1765,0.217,1.5351,1.004,-1.237,0.071,2.0706,0.0773,25
88.7502,1.1531,0.2241,1.4544,1.004,-1.237,0.071,2.0176,0.1495,26
88.8502,1.1369,0.2079,1.5241,1.004,-1.237,0.071,2.0535,0.0969,32
88.9502,1.1841,0.2978,1.5697,1.004,-1.237,0.071,2.1527,0.0673,33
89.0502,1.2027,0.3738,1.5766,1.004,-1.237,0.071,2.2138,0.0597,25
89.1502,1.244,0.3612,1.6741,1.004,-1.237,0.071,2.2763,0.0701,29
89.2502,1.1899,0.3662,1.6742,1.004,-1.237,0.071,2.2748,0.0828,25
89.3502,1.1987,0.3963,1.5074,1.004,-1.237,0.071,2.1838,0.0708,33
89.4502,1.1853,0.4299,1.6162,1.004,-1.237,0.071,2.2801,0.0717,27
89.5502,1.235,0.4024,1.6672,1.004,-1.237,0.071,2.2998,0.0506,28
89.6502,1.1948,0.4884,1.4955,1.004,-1.237,0.071,2.2456,0.0621,25
89.7502,1.2349,0.4501,1.6809,1.004,-1.237,0.071,2.3434,0.058,24
89.8502,1.2412,0.4977,1.6148,1.004,-1.237,0.071,2.3343,0.0745,30
89.9502,1.2266,0.5399,1.3927,1.004,-1.237,0.071,2.2258,0.1607,24
90.0502,1.2013,0.5007,1.6811,1.004,-1.237,0.071,2.3772,0.0658,29
90.1502,1.2574,0.5268,1.6179,1.004,-1.237,0.071,2.3597,0.0917,27
90.2502,1.1887,0.5736,1.7274,1.004,-1.237,0.071,2.4609,0.0688,29
90.3502,1.1921,0.5452,1.8278,1.004,-1.237,0.071,2.5096,0.0608,26
90.4502,1.2274,0.5658,1.7796,1.004,-1.237,0.071,2.4938,0.069,34
90.5502,1.2356,0.6269,1.715,1.004,-1.237,0.071,2.4961,0.0564,30
90.6502,1.2417,0.6125,1.6988,1.004,-1.237,0.071,2.4753,0.0696,31
90.7502,1.2123,0.6478,1.7593,1.004,-1.237,0.071,2.539,0.0763,28
90.8502,1.182,0.6811,1.7729,1.004,-1.237,0.071,2.5705,0.084,29
90.9502,1.2177,0.6407,1.7662,1.004,-1.237,0.071,2.5387,0.0696,28
91.0502,1.1688,0.7138,1.7684,1.004,-1.237,0.071,2.5912,0.0566,25
91.1502,1.185,0.6885,1.8156,1.004,-1.237,0.071,2.6046,0.0661,31
91.2502,1.1639,0.7449,1.8415,1.004,-1.237,0.071,2.6624,0.0584,31
91.3502,1.1919,0.7311,1.6709,1.004,-1.237,0.071,2.5433,0.0643,26
91.4502,1.1528,0.7605,1.7773,1.004,-1.237,0.071,2.6312,0.0836,29
91.5502,1.1826,0.7653,1.7046,1.004,-1.237,0.071,2.5903,0.0787,33
91.6502,1.1637,0.7417,1.7361,1.004,-1.237,0.071,2.591,0.0647,27
91.7502,1.1462,0.7614,1.7891,1.004,-1.237,0.071,2.6392,0.0601,26
91.8502,1.1767,0.7736,1.7325,1.004,-1.237,0.071,2.614,0.0631,31
91.9502,1.1654,0.8587,1.6862,1.004,-1.237,0.071,2.6509,0.0551,31
92.0502,1.1451,0.8391,1.6744,1.004,-1.237,0.071,2.627,0.046,24
92.1502,1.1124,0.8555,1.702,1.004,-1.237,0.071,2.6553,0.0659,22
92.2502,1.1426,0.8631,1.6965,1.004,-1.237,0.071,2.6593,0.0622,31
92.3502,1.1691,0.9068,1.6223,1.004,-1.237,0.071,2.6513,0.1309,35
92.4502,1.1202,0.9258,1.618,1.004,-1.237,0.071,2.6616,0.074,26
92.5502,1.037,0.8993,1.7972,1.004,-1.237,0.071,2.7468,0.0414,22
92.6502,0.9906,0.9356,1.6916,1.004,-1.237,0.071,2.7105,0.046,25
92.7502,1.0967,0.8958,1.4668,1.004,-1.237,0.071,2.5506,0.0832,27
92.8502,1.0887,0.9362,1.4207,1.004,-1.237,0.071,2.5596,0.0634,27
92.9502,0.9814,0.9669,1.7467,1.004,-1.237,0.071,2.7687,0.0479,34
93.0502,1.0566,0.9782,1.4554,1.004,-1.237,0.071,2.6127,0.0778,30
93.1502,0.9483,0.9508,1.6054,1.004,-1.237,0.071,2.6728,0.0452,27
93.2502,0.9293,1.0204,1.5051,1.004,-1.237,0.071,2.6754,0.0597,28
93.3502,0.9567,1.0889,1.4079,1.004,-1.237,0.071,2.6832,0.0801,22
93.4502,0.9314,1.0514,1.5177,1.004,-1.237,0.071,2.7083,0.0528,31
93.5502,0.9235,1.0855,1.6059,1.004,-1.237,0.071,2.785,0.0617,26
93.6502,0.8599,1.0416,1.553,1.004,-1.237,0.071,2.7219,0.0497,24
93.7502,0.8834,1.0586,1.4785,1.004,-1.237,0.071,2.6954,0.0653,35
93.8502,0.7514,1.0141,1.6346,1.004,-1.237,0.071,2.7525,0.08,28
93.9502,0.8198,1.0746,1.4325,1.004,-1.237,0.071,2.6891,0.0625,24
94.0502,0.8409,1.0811,1.4645,1.004,-1.237,0.071,2.7096,0.0533,22
94.1502,0.7709,1.1324,1.4433,1.004,-1.237,0.071,2.748,0.0848,34
94.2502,0.7501,1.098,1.4535,1.004,-1.237,0.071,2.7254,0.0613,26
94.3502,0.6956,1.0763,1.5285,1.004,-1.237,0.071,2.7515,0.0661,26
94.4502,0.7403,1.135,1.3909,1.004,-1.237,0.071,2.7273,0.0762,25
94.5502,0.6535,1.1574,1.4699,1.004,-1.237,0.071,2.7951,0.0607,28
94.6502,0.5745,1.1164,1.3781,1.004,-1.237,0.071,2.7261,0.16,26
94.7502,0.6244,1.1734,1.4179,1.004,-1.237,0.071,2.7872,0.0529,26
94.8502,0.5917,1.1758,1.4076,1.004,-1.237,0.071,2.789,0.0696,28
94.9502,0.5696,1.1718,1.3516,1.004,-1.237,0.071,2.7624,0.0419,29
95.0502,0.5328,1.1761,1.4039,1.004,-1.237,0.071,2.7967,0.0421,26
95.1502,0.4909,1.1892,1.4328,1.004,-1.237,0.071,2.8292,0.0445,24
95.2502,0.493,1.1947,1.3594,1.004,-1.237,0.071,2.799,0.0463,31
95.3502,0.4735,1.2015,1.4041,1.004,-1.237,0.071,2.8292,0.0673,21
95.4502,0.461,1.1829,1.3027,1.004,-1.237,0.071,2.769,0.0572,28
95.5502,0.3439,1.1534,1.3783,1.004,-1.237,0.071,2.8033,0.1612,25
95.6502,0.3883,1.2086,1.2912,1.004,-1.237,0.071,2.8016,0.0426,29
95.7502,0.3472,1.2565,1.3322,1.004,-1.237,0.071,2.8705,0.0423,31
95.8502,0.3532,1.257,1.2588,1.004,-1.237,0.071,2.838,0.0784,22
95.9502,0.3628,1.2574,1.217,1.004,-1.237,0.071,2.819,0.0522,22
96.0502,0.273,1.2747,1.3007,1.004,-1.237,0.071,2.8906,0.0561,30
96.1502,0.2355,1.2822,1.183,1.004,-1.237,0.071,2.8589,0.0524,27
96.2502,0.2581,1.2761,1.2958,1.004,-1.237,0.071,2.8935,0.0459,27
96.3502,0.1837,1.2813,1.2339,1.004,-1.237,0.071,2.8926,0.0595,26
96.4502,0.1654,1.2571,1.2418,1.004,-1.237,0.071,2.88,0.0496,22
96.5502,0.1287,1.2513,1.2465,1.004,-1.237,0.071,2.8879,0.052,30
96.6502,0.103,1.2736,1.2695,1.004,-1.237,0.071,2.9242,0.0597,26
96.7502,0.0845,1.2774,1.1997,1.004,-1.237,0.071,2.9055,0.0466,27
96.8502,0.0655,1.29,1.1838,1.004,-1.237,0.071,2.9163,0.0584,29
96.9502,0.0205,1.282,1.1404,1.004,-1.237,0.071,2.9079,0.1355,28
97.0502,0.0126,1.2446,1.2293,1.004,-1.237,0.071,2.9125,0.0387,31
97.1502,-0.0615,1.218,1.2996,1.004,-1.237,0.071,2.9448,0.0359,27
97.2502,-0.0081,1.2572,1.0949,1.004,-1.237,0.071,2.8799,0.0931,22
97.3502,-0.0779,1.2934,1.2239,1.004,-1.237,0.071,2.9837,0.0905,25
97.4502,-0.0998,1.2536,1.1685,1.004,-1.237,0.071,2.937,0.085,30
97.5502,-0.0964,1.2767,1.2436,1.004,-1.237,0.071,2.9841,0.0993,31
97.6502,-0.1709,1.2484,1.1884,1.004,-1.237,0.071,2.9675,0.0582,30
97.7502,-0.1964,1.2319,1.1907,1.004,-1.237,0.071,2.9648,0.0665,23
97.8502,-0.2582,1.2562,1.2618,1.004,-1.237,0.071,3.0376,0.0556,34
97.9502,-0.2633,1.23,1.3327,1.004,-1.237,0.071,3.047,0.0665,24
98.0502,-0.3395,1.1851,1.3772,1.004,-1.237,0.071,3.0623,0.1317,26
98.1502,-0.3461,1.1826,1.3513,1.004,-1.237,0.071,3.0523,0.0686,25
98.2502,-0.3432,1.2296,1.2114,1.004,-1.237,0.071,3.0331,0.0526,27
98.3502,-0.393,1.2103,1.2623,1.004,-1.237,0.071,3.0594,0.0542,30
98.4502,-0.4107,1.2198,1.2768,1.004,-1.237,0.071,3.0808,0.0722,27
98.5502,-0.4411,1.1663,1.2132,1.004,-1.237,0.071,3.028,0.0675,33
98.6502,-0.4771,1.2266,1.3389,1.004,-1.237,0.071,3.1417,0.0531,21
98.7502,-0.4721,1.2101,1.3128,1.004,-1.237,0.071,3.1159,0.0457,30
98.8502,-0.5041,1.2135,1.2705,1.004,-1.237,0.071,3.1174,0.0743,31
98.9502,-0.5511,1.1906,1.295,1.004,-1.237,0.071,3.132,0.0796,26
99.0502,-0.6032,1.2002,1.3576,1.004,-1.237,0.071,3.1904,0.0461,20
99.1502,-0.5947,1.1986,1.275,1.004,-1.237,0.071,3.1524,0.0659,32
99.2502,-0.6682,1.174,1.3718,1.004,-1.237,0.071,3.2096,0.0488,25
99.3502,-0.6366,1.1688,1.3775,1.004,-1.237,0.071,3.1916,0.0428,29
99.4502,-0.6564,1.1738,1.403,1.004,-1.237,0.071,3.2161,0.0484,26
99.5502,-0.7195,1.1236,1.4501,1.004,-1.237,0.071,3.2318,0.0413,30
99.6502,-0.7477,1.12,1.4115,1.004,-1.237,0.071,3.2282,0.041,25
99.7502,-0.7899,1.1216,1.3748,1.004,-1.237,0.071,3.2374,0.034,26
99.8502,-0.8924,1.0008,1.4214,1.004,-1.237,0.071,3.2292,0.1704,23
99.9502,-0.5568,1.175,0.782,1.004,-1.237,0.071,2.9596,0.4423,26
100.0502,-0.817,1.1134,1.459,1.004,-1.237,0.071,3.2813,0.0552,30
100.1502,-0.8545,1.0772,1.5309,1.004,-1.237,0.071,3.3077,0.0397,24
100.2502,-0.8332,1.0491,1.4123,1.004,-1.237,0.071,3.225,0.0385,28
100.3502,-0.9296,1.0509,1.5387,1.004,-1.237,0.071,3.3358,0.0518,22
100.4502,-0.925,1.095,1.4804,1.004,-1.237,0.071,3.3386,0.0519,32
100.5502,-0.9755,1.0245,1.4849,1.004,-1.237,0.071,3.3214,0.0925,33
100.6502,-0.8851,1.1112,1.5358,1.004,-1.237,0.071,3.3509,0.15,28
100.7502,-1.0469,1.0239,1.4754,1.004,-1.237,0.071,3.3601,0.141,26
100.8502,-0.9757,1.025,1.5087,1.004,-1.237,0.071,3.3321,0.0624,26
100.9502,-1.0274,0.9918,1.58,1.004,-1.237,0.071,3.3721,0.0334,30
101.0502,-0.688,0.6586,0.4801,1.004,-1.237,0.071,2.5736,0.8197,27
101.1502,-1.0305,1.0197,1.5587,1.004,-1.237,0.071,3.383,0.0474,28
101.2502,-1.0613,0.9668,1.5395,1.004,-1.237,0.071,3.3584,0.0625,26
101.3502,-1.0416,1.0186,1.5809,1.004,-1.237,0.071,3.3988,0.071,23
101.4502,-1.1221,0.9462,1.6196,1.004,-1.237,0.071,3.4183,0.0463,26
101.5502,-1.1087,0.9224,1.5889,1.004,-1.237,0.071,3.3809,0.0439,34
101.6502,-1.1258,0.9486,1.5298,1.004,-1.237,0.071,3.3825,0.0455,31
101.7502,-1.1088,0.8995,1.5628,1.004,-1.237,0.071,3.3546,0.067,28
101.8502,-1.1829,0.876,1.6301,1.004,-1.237,0.071,3.4174,0.0534,24
101.9502,-1.1865,0.8816,1.6248,1.004,-1.237,0.071,3.4207,0.0749,32
102.0502,-1.146,0.874,1.6295,1.004,-1.237,0.071,3.3923,0.0712,27
102.1502,-1.1851,0.8298,1.6066,1.004,-1.237,0.071,3.3796,0.0473,28
102.2502,-1.6581,1.0995,2.0491,1.004,-1.237,0.071,4.057,1.0544,26
102.3502,-1.2603,0.8055,1.7132,1.004,-1.237,0.071,3.4634,0.0626,31
102.4502,-1.2296,0.791,1.7011,1.004,-1.237,0.071,3.4291,0.0566,31
102.5502,-1.1733,0.8251,1.6994,1.004,-1.237,0.071,3.4124,0.0993,31
102.6502,-1.2429,0.8034,1.6465,1.004,-1.237,0.071,3.4197,0.0811,29
102.7502,-1.2861,0.7144,1.7058,1.004,-1.237,0.071,3.4242,0.0681,28
102.8502,-1.2312,0.8603,1.6051,1.004,-1.237,0.071,3.4275,0.3885,27
102.9502,-1.2539,0.7023,1.6551,1.004,-1.237,0.071,3.3717,0.0879,28
103.0502,-1.296,0.6998,1.6067,1.004,-1.237,0.071,3.3763,0.0692,29
103.1502,-1.2802,0.6936,1.6239,1.004,-1.237,0.071,3.3699,0.0475,32
103.2502,-1.2701,0.684,1.6453,1.004,-1.237,0.071,3.3675,0.0512,27
103.3502,-1.2541,0.8041,1.5963,1.004,-1.237,0.071,3.4047,0.3807,31
103.4502,-1.3009,0.646,1.6207,1.004,-1.237,0.071,3.3556,0.0843,28
103.5502,-1.3147,0.6167,1.6399,1.004,-1.237,0.071,3.3577,0.0492,24
103.6502,-1.3329,0.5884,1.6523,1.004,-1.237,0.071,3.3606,0.0939,29
103.7502,-1.1007,0.1279,0.2873,1.004,-1.237,0.071,2.5179,1.13,19
103.8502,-1.316,0.594,1.6565,1.004,-1.237,0.071,3.3539,0.0601,32
103.9502,-1.3028,0.5706,1.6794,1.004,-1.237,0.071,3.3429,0.0681,26
104.0502,-1.3319,0.5313,1.6872,1.004,-1.237,0.071,3.3459,0.0539,28
104.1502,-1.3065,0.5265,1.6716,1.004,-1.237,0.071,3.3182,0.0607,28
104.2502,-1.1912,0.5075,1.493,1.004,-1.237,0.071,3.144,0.0912,31
104.3502,-1.2911,0.522,1.632,1.004,-1.237,0.071,3.286,0.0652,31
104.4502,-1.2939,0.5017,1.6488,1.004,-1.237,0.071,3.2853,0.0333,30
104.5502,-1.281,0.4926,1.5796,1.004,-1.237,0.071,3.2386,0.0436,28
104.6502,-1.2634,0.4414,1.5392,1.004,-1.237,0.071,3.1802,0.0378,30
104.7502,-1.3028,0.4071,1.546,1.004,-1.237,0.071,3.1938,0.0629,26
104.8502,-1.27,0.3867,1.6229,1.004,-1.237,0.071,3.1962,0.057,36
104.9502,-1.3008,0.4044,1.4728,1.004,-1.237,0.071,3.1577,0.0547,31
105.0502,-1.257,0.3732,1.5091,1.004,-1.237,0.071,3.1262,0.053,30
105.1502,-1.2325,0.3482,1.5232,1.004,-1.237,0.071,3.1022,0.0521,28
105.2502,-1.2405,0.2917,1.485,1.004,-1.237,0.071,3.0617,0.0825,28
105.3502,-1.2372,0.3129,1.5717,1.004,-1.237,0.071,3.1108,0.0568,33
105.4502,-1.2057,0.275,1.4972,1.004,-1.237,0.071,3.0336,0.0509,29
105.5502,-1.2008,0.2247,1.4839,1.004,-1.237,0.071,2.999,0.0616,32
105.6502,-1.1998,0.1979,1.5305,1.004,-1.237,0.071,3.0076,0.0377,31
105.7502,-1.5812,-0.1789,0.6181,1.004,-1.237,0.071,2.8464,0.9329,29
105.8502,-1.179,0.1872,1.4304,1.004,-1.237,0.071,2.9397,0.0493,31
105.9502,-1.1516,0.1845,1.4282,1.004,-1.237,0.071,2.9171,0.0514,32
106.0502,-1.1511,0.1906,1.4571,1.004,-1.237,0.071,2.9333,0.0577,29
106.1502,-1.0956,0.1478,1.4737,1.004,-1.237,0.071,2.8798,0.0572,30
106.2502,-1.13,0.1286,1.508,1.004,-1.237,0.071,2.9127,0.0646,31
106.3502,-1.1053,0.0739,1.428,1.004,-1.237,0.071,2.83,0.0867,30
106.4502,-1.077,-0.198,0.594,1.004,-1.237,0.071,2.3841,0.898,32
106.5502,-1.0984,0.053,1.3464,1.004,-1.237,0.071,2.7769,0.0674,25
106.6502,-1.142,0.0527,1.3507,1.004,-1.237,0.071,2.8118,0.044,33
106.7502,-1.0639,-0.0047,1.4325,1.004,-1.237,0.071,2.7656,0.0901,32
106.8502,-1.0574,-0.0371,1.3724,1.004,-1.237,0.071,2.7171,0.0772,36
106.9502,-0.892,0.0448,1.3335,1.004,-1.237,0.071,2.6137,0.1654,27
107.0502,-1.0052,-0.038,1.3265,1.004,-1.237,0.071,2.6554,0.0813,29
107.1502,-0.9926,-0.0663,1.3774,1.004,-1.237,0.071,2.6578,0.0788,25
107.2502,-0.9097,-0.0931,1.2224,1.004,-1.237,0.071,2.5093,0.0478,28
107.3502,-0.9029,-0.0932,1.3213,1.004,-1.237,0.071,2.5511,0.0698,33
107.4502,-0.9427,-0.153,1.3297,1.004,-1.237,0.071,2.5591,0.1091,30
107.5502,-0.8564,-0.1133,1.3037,1.004,-1.237,0.071,2.4987,0.0939,28
107.6502,-0.8968,-0.1279,1.3402,1.004,-1.237,0.071,2.5404,0.0656,32
107.7502,-0.8985,-0.1924,1.2672,1.004,-1.237,0.071,2.4782,0.1593,32
107.8502,-0.7986,-0.1898,1.2812,1.004,-1.237,0.071,2.4106,0.0726,28
107.9502,-0.7763,-0.1965,1.2744,1.004,-1.237,0.071,2.3875,0.049,27
108.0502,-0.7773,-0.2058,1.3607,1.004,-1.237,0.071,2.429,0.0585,31
108.1502,-0.6649,-0.2573,1.1779,1.004,-1.237,0.071,2.2294,0.0604,27
108.2502,-0.6916,-0.2907,1.1326,1.004,-1.237,0.071,2.213,0.0799,28
108.3502,-0.6492,-0.3466,1.1825,1.004,-1.237,0.071,2.182,0.0503,29
108.4502,-0.6959,-0.3392,1.2659,1.004,-1.237,0.071,2.2636,0.0511,33
108.5502,-0.5908,-0.3613,1.0844,1.004,-1.237,0.071,2.0826,0.0701,21
108.6502,-0.6361,-0.3678,1.2652,1.004,-1.237,0.071,2.2071,0.0478,28
108.7502,-0.5961,-0.382,1.1893,1.004,-1.237,0.071,2.1312,0.0534,32
108.8502,-0.4679,-0.3052,1.067,1.004,-1.237,0.071,2.0066,0.1743,23
108.9502,-0.4797,-0.3895,1.2243,1.004,-1.237,0.071,2.0615,0.1466,32
109.0502,-0.5319,-0.4244,1.1605,1.004,-1.237,0.071,2.051,0.0613,31
109.1502,-0.4803,-0.4464,1.2563,1.004,-1.237,0.071,2.0574,0.065,25
109.2502,-0.4672,-0.5208,1.2793,1.004,-1.237,0.071,2.034,0.0636,26
109.3502,-0.4524,-0.5235,1.1864,1.004,-1.237,0.071,1.9683,0.0607,27
109.4502,-0.8022,-1.0522,-0.122,1.004,-1.237,0.071,1.8259,0.9398,21
109.5502,-0.2589,-0.4527,1.2153,1.004,-1.237,0.071,1.876,0.1866,32
109.6502,-0.3235,-0.559,1.1683,1.004,-1.237,0.071,1.851,0.039,23
109.7502,-0.2761,-0.5836,1.1946,1.004,-1.237,0.071,1.8243,0.0601,28
109.8502,-0.404,-0.3796,1.491,1.004,-1.237,0.071,2.1757,0.684,28
109.9502,-0.2337,-0.6113,1.2448,1.004,-1.237,0.071,1.817,0.0703,30
110.0502,-0.2444,-0.6676,1.2837,1.004,-1.237,0.071,1.8312,0.0691,22
110.1502,-0.2828,-0.7215,1.4165,1.004,-1.237,0.071,1.9318,0.1452,28
110.2502,-0.1768,-0.695,1.2294,1.004,-1.237,0.071,1.7407,0.0799,26
110.3502,-0.1364,-0.7073,1.2917,1.004,-1.237,0.071,1.7525,0.0666,30
110.4502,-0.1118,-0.6326,1.2687,1.004,-1.237,0.071,1.7449,0.1235,25
110.5502,-0.0854,-0.7208,1.1479,1.004,-1.237,0.071,1.6165,0.0623,30
110.6502,-0.0364,-0.7753,1.2757,1.004,-1.237,0.071,1.6573,0.0604,30
110.7502,-0.0493,-0.7438,1.3995,1.004,-1.237,0.071,1.7657,0.0557,27
110.8502,-0.0338,-0.7472,1.2726,1.004,-1.237,0.071,1.6616,0.0501,28
110.9502,0.0203,-0.7696,1.3664,1.004,-1.237,0.071,1.6924,0.0562,24
111.0502,0.078,-0.7596,1.2822,1.004,-1.237,0.071,1.5976,0.0597,25
111.1502,0.1213,-0.7644,1.364,1.004,-1.237,0.071,1.6354,0.0945,25
111.2502,0.1641,-0.7804,1.2499,1.004,-1.237,0.071,1.5178,0.0704,24
111.3502,0.1691,-0.8783,1.3216,1.004,-1.237,0.071,1.5458,0.0403,28
111.4502,0.151,-0.8599,1.4393,1.004,-1.237,0.071,1.656,0.0587,26
111.5502,0.2135,-0.8864,1.3162,1.004,-1.237,0.071,1.516,0.045,25
111.6502,0.2007,-1.2957,1.4578,1.004,-1.237,0.071,1.6037,0.9858,28
111.7502,0.2503,-0.8884,1.4511,1.004,-1.237,0.071,1.6107,0.0579,28
111.8502,0.2945,-0.9423,1.3651,1.004,-1.237,0.071,1.505,0.0434,24
111.9502,0.3535,-0.9393,1.3322,1.004,-1.237,0.071,1.45,0.0484,28
112.0502,0.3334,-0.9583,1.454,1.004,-1.237,0.071,1.5621,0.0616,33
112.1502,0.3468,-0.9515,1.4852,1.004,-1.237,0.071,1.5853,0.0496,25
112.2502,0.4247,-0.9733,1.4652,1.004,-1.237,0.071,1.5326,0.0485,26
112.3502,0.4581,-0.9977,1.4873,1.004,-1.237,0.071,1.5366,0.0511,32
112.4502,0.4766,-1.0401,1.5484,1.004,-1.237,0.071,1.581,0.0564,30
112.5502,0.4655,-1.0103,1.5721,1.004,-1.237,0.071,1.6107,0.0607,24
112.6502,0.4397,-1.058,1.5435,1.004,-1.237,0.071,1.5871,0.0773,15
112.7502,0.5264,-1.0803,1.5526,1.004,-1.237,0.071,1.5645,0.0592,25
112.8502,0.5528,-1.0547,1.5419,1.004,-1.237,0.071,1.5494,0.07,25
112.9502,0.6169,-1.0658,1.5782,1.004,-1.237,0.071,1.5655,0.0501,30
113.0502,0.5989,-1.065,1.6056,1.004,-1.237,0.071,1.5964,0.0489,27
113.1502,0.6987,-1.0825,1.5422,1.004,-1.237,0.071,1.5105,0.0452,29
113.2502,0.6335,-1.1139,1.6573,1.004,-1.237,0.071,1.6337,0.0431,27
113.3502,1.0694,-1.0191,1.597,1.004,-1.237,0.071,1.5428,0.9487,27
113.4502,1.4362,-1.6044,2.3931,1.004,-1.237,0.071,2.3904,0.8198,29
113.5502,0.7783,-1.161,1.6036,1.004,-1.237,0.071,1.551,0.0575,20
113.6502,0.8512,-1.1105,1.5692,1.004,-1.237,0.071,1.5113,0.1034,25
113.7502,0.7018,-1.2512,1.712,1.004,-1.237,0.071,1.6687,0.1739,19
113.8502,0.8426,-1.1463,1.6178,1.004,-1.237,0.071,1.5578,0.084,30
113.9502,0.8708,-1.2187,1.64,1.004,-1.237,0.071,1.5747,0.0312,24
114.0502,0.8836,-1.2248,1.5894,1.004,-1.237,0.071,1.5232,0.0558,22
114.1502,0.8304,-1.1295,1.6535,1.004,-1.237,0.071,1.5956,0.0988,26
114.2502,0.8878,-1.2171,1.7374,1.004,-1.237,0.071,1.6706,0.0436,27
114.3502,0.8815,-1.2492,1.771,1.004,-1.237,0.071,1.7045,0.0412,24
114.4502,0.918,-1.2212,1.6384,1.004,-1.237,0.071,1.5698,0.0594,33
114.5502,0.9941,-1.1132,1.6822,1.004,-1.237,0.071,1.6159,0.1883,33
114.6502,0.9515,-1.2388,1.7134,1.004,-1.237,0.071,1.6433,0.0612,30
114.7502,0.9541,-1.221,1.7108,1.004,-1.237,0.071,1.6406,0.0683,28
114.8502,1.0047,-1.1831,1.7438,1.004,-1.237,0.071,1.6737,0.1459,26
114.9502,0.9908,-1.2442,1.6895,1.004,-1.237,0.071,1.6186,0.0585,26
115.0502,0.9955,-1.2053,1.7622,1.004,-1.237,0.071,1.6915,0.0684,29
115.1502,1.0073,-1.2971,1.6166,1.004,-1.237,0.071,1.5467,0.0815,33
115.2502,0.9701,-1.2471,1.7483,1.004,-1.237,0.071,1.6777,0.0488,24
115.3502,1.0179,-1.2456,1.7894,1.004,-1.237,0.071,1.7185,0.0566,27
115.4502,0.9579,-1.2241,1.753,1.004,-1.237,0.071,1.6827,0.0588,25
115.5502,0.9639,-1.2697,1.7973,1.004,-1.237,0.071,1.7271,0.0814,27
115.6502,0.9867,-1.2493,1.7578,1.004,-1.237,0.071,1.6869,0.0634,31
115.7502,1.0121,-1.2791,1.7067,1.004,-1.237,0.071,1.6363,0.0478,22
115.8502,1.0253,-1.2481,1.7398,1.004,-1.237,0.071,1.669,0.0555,22
115.9502,1.0444,-1.245,1.6368,1.004,-1.237,0.071,1.5663,0.0854,30
116.0502,0.9821,-1.2505,1.6835,1.004,-1.237,0.071,1.6127,0.0562,28
116.1502,0.9853,-1.2441,1.789,1.004,-1.237,0.071,1.7181,0.0596,30
116.2502,1.0239,-1.2052,1.7293,1.004,-1.237,0.071,1.6587,0.1099,29
116.3502,1.0219,-1.2321,1.7826,1.004,-1.237,0.071,1.7117,0.0528,31
116.4502,0.9663,-1.2553,1.7322,1.004,-1.237,0.071,1.6617,0.0696,27
116.5502,0.7547,-1.6166,1.8913,1.004,-1.237,0.071,1.8761,0.9392,28
116.6502,0.9502,-1.2484,1.7817,1.004,-1.237,0.071,1.7116,0.0569,28
116.7502,1.0126,-1.2534,1.6836,1.004,-1.237,0.071,1.6127,0.0529,29
116.8502,0.9484,-1.2377,1.7327,1.004,-1.237,0.071,1.6626,0.0428,29
116.9502,1.0086,-1.2488,1.6435,1.004,-1.237,0.071,1.5725,0.0706,24
117.0502,1.0159,-1.2448,1.7379,1.004,-1.237,0.071,1.6669,0.1139,30
117.1502,1.024,-1.2431,1.6165,1.004,-1.237,0.071,1.5456,0.0715,28
117.2502,1.0171,-1.2606,1.6717,1.004,-1.237,0.071,1.6009,0.0722,23
117.3502,0.9986,-1.2756,1.6248,1.004,-1.237,0.071,1.5543,0.064,30
117.4502,0.9543,-1.2442,1.7178,1.004,-1.237,0.071,1.6475,0.0854,25
117.5502,1.0209,-1.2493,1.6229,1.004,-1.237,0.071,1.5521,0.0562,29
117.6502,0.9783,-1.2252,1.5961,1.004,-1.237,0.071,1.5254,0.048,22
117.7502,0.9768,-1.2481,1.6989,1.004,-1.237,0.071,1.6281,0.0522,24
117.8502,1.0239,-1.2688,1.5835,1.004,-1.237,0.071,1.513,0.0544,25
117.9502,1.0271,-1.2844,1.4602,1.004,-1.237,0.071,1.3902,0.0469,30
118.0502,0.9938,-1.2551,1.1404,1.004,-1.237,0.071,1.0696,0.2884,28
118.1502,1.0006,-1.2447,1.4961,1.004,-1.237,0.071,1.4251,0.0611,28
118.2502,1.0195,-1.3063,1.4038,1.004,-1.237,0.071,1.3347,0.1341,27
118.3502,0.9797,-1.2251,1.3655,1.004,-1.237,0.071,1.2948,0.0719,23
118.4502,1.0316,-1.2515,1.2619,1.004,-1.237,0.071,1.1913,0.0541,28
118.5502,1.0421,-1.2082,1.1241,1.004,-1.237,0.071,1.0542,0.0657,25
118.6502,1.018,-1.1817,1.1398,1.004,-1.237,0.071,1.0703,0.0884,28
118.7502,0.9544,-1.1904,1.1858,1.004,-1.237,0.071,1.1169,0.0609,27
118.8502,0.981,-1.2263,1.0923,1.004,-1.237,0.071,1.0216,0.059,33
118.9502,1.0602,-1.2293,0.9142,1.004,-1.237,0.071,0.8451,0.1098,25
119.0502,1.0244,-1.2266,0.9121,1.004,-1.237,0.071,0.8414,0.0631,27
119.1502,1.038,-1.2134,0.8615,1.004,-1.237,0.071,0.7916,0.0896,28
119.2502,0.9949,-1.2463,0.851,1.004,-1.237,0.071,0.7801,0.0448,31
119.3502,1.0192,-1.2429,0.7161,1.004,-1.237,0.071,0.6453,0.0504,32
119.4502,0.9744,-1.2359,0.7913,1.004,-1.237,0.071,0.721,0.0541,31
119.5502,0.999,-1.2871,0.5441,1.004,-1.237,0.071,0.4758,0.0521,21
119.6502,1.0093,-1.2198,0.6885,1.004,-1.237,0.071,0.6178,0.0582,27
119.7502,0.9744,-1.2169,0.6258,1.004,-1.237,0.071,0.5559,0.0597,24
119.8502,0.9623,-1.1847,0.4659,1.004,-1.237,0.071,0.4005,0.0535,26
119.9502,0.9598,-1.233,0.4148,1.004,-1.237,0.071,0.3467,0.0436,29
120.0502,0.9646,-1.2527,0.4292,1.004,-1.237,0.071,0.3607,0.0437,33
120.1502,1.0179,-1.1623,0.3076,1.004,-1.237,0.071,0.2485,0.1596,27
120.2502,0.9977,-1.1892,0.279,1.004,-1.237,0.071,0.2135,0.1161,25
120.3502,0.8784,-1.2759,0.402,1.004,-1.237,0.071,0.3562,0.0991,22
120.4502,0.9706,-1.263,0.2397,1.004,-1.237,0.071,0.1739,0.0701,26
120.5502,1.0004,-1.2394,0.0474,1.004,-1.237,0.071,0.024,0.0896,26
120.6502,0.9556,-1.2608,0.3653,1.004,-1.237,0.071,0.2992,0.0715,30
120.7502,0.8005,-1.2488,0.3361,1.004,-1.237,0.071,0.3344,0.1574,28
120.8502,0.9143,-1.2366,0.0168,1.004,-1.237,0.071,0.1048,0.085,34
120.9502,0.4333,-1.6378,-0.1517,1.004,-1.237,0.071,0.7321,0.8774,29
121.0502,0.9145,-1.2534,0.1074,1.004,-1.237,0.071,0.098,0.0576,31
121.1502,0.99,-1.2557,0.1554,1.004,-1.237,0.071,0.0876,0.0552,31
121.2502,0.929,-1.3061,0.2998,1.004,-1.237,0.071,0.2505,0.1106,28
121.3502,0.9755,-1.2559,0.2116,1.004,-1.237,0.071,0.1447,0.0702,20
121.4502,1.0147,-1.3113,0.2997,1.004,-1.237,0.071,0.2407,0.0762,30
121.5502,1.0044,-1.3272,0.1771,1.004,-1.237,0.071,0.1393,0.0864,30
121.6502,1.0237,-1.2905,0.223,1.004,-1.237,0.071,0.1623,0.1361,24
121.7502,0.9512,-1.272,-0.1048,1.004,-1.237,0.071,0.1869,0.1425,25
121.8502,0.9309,-1.3649,0.1496,1.004,-1.237,0.071,0.167,0.1942,24
121.9502,0.9452,-1.3072,0.1028,1.004,-1.237,0.071,0.0969,0.1438,27
122.0502,1.0394,-1.3482,0.3006,1.004,-1.237,0.071,0.2575,0.0726,30
122.1502,0.9846,-1.2732,0.2516,1.004,-1.237,0.071,0.1852,0.0722,29
122.2502,0.9662,-1.2513,0.3471,1.004,-1.237,0.071,0.279,0.1101,28
122.3502,0.8647,-1.3517,0.2736,1.004,-1.237,0.071,0.2713,0.2351,30
122.4502,1.0444,-1.2407,0.2561,1.004,-1.237,0.071,0.1895,0.1067,30
122.5502,1.0056,-1.2049,0.1336,1.004,-1.237,0.071,0.0703,0.1512,22
122.6502,1.1467,-1.2136,0.3251,1.004,-1.237,0.071,0.2924,0.1302,28
